,FlowStep,Thingname,ActorModifiedby,Line_number,CreatedBy,tag_number,Created_By,Startedby,"CONVERT_TZ(t3.completed, 'GMT', 'US/Pacific')",PartNumber,created
0,3BM-20001,TG120255002S90,3BM2-26400-01,,ignition-gf1-bm-tag9-prod,tag9-,ACTA3,3BM2-26400-01,43:34.0,1508203-01-H,56:10.0
1,3BM-20001,TG120255002VMD,3BM2-26400-01,,ignition-gf1-bm-tag9-prod,tag9-,ACTA3,3BM2-26400-01,43:44.5,1508204-01-H,37:18.0
2,3BM-20001,TG120255002TLL,3BM2-26400-01,,ignition-gf1-bm-tag9-prod,tag9-,ACTA3,3BM2-26400-01,43:55.7,1508203-01-H,18:18.0
3,3BM-20001,TG120255002WS7,3BM2-26400-01,,ignition-gf1-bm-tag8-prod,tag8-,ACTA2,3BM2-26400-01,44:03.8,1508203-01-H,47:58.0
4,3BM-20001,TG120255002PV8,3BM2-26400-01,,ignition-gf1-bm-tag9-prod,tag9-,ACTA3,3BM2-26400-01,44:06.2,1508202-01-H,42:04.0
5,3BM-20001,TG120255002WE4,3BM2-26400-01,,ignition-gf1-bm-tag8-prod,tag8-,ACTA2,3BM2-26400-01,44:14.2,1508204-01-H,42:10.0
6,3BM-20001,TG120255002TF8,3BM2-26400-01,,ignition-gf1-bm-tag9-prod,tag9-,ACTA3,3BM2-26400-01,44:19.5,1508203-01-H,15:16.0
7,3BM-20001,TG120255002DYY,NMAMC-LINE-01,,ignition-gf1-bm-tag7-prod,tag7-,ACTA1,NMAMC-LINE-01,44:22.6,1508243-01-H,18:40.0
8,3BM-20001,TG1202550020BF,NMAMC-LINE-01,,ignition-gf1-bm-tag7-prod,tag7-,ACTA1,NMAMC-LINE-01,44:24.1,1508242-01-H,26:09.0
9,3BM-20001,TG120255002WMK,3BM2-26400-01,,ignition-gf1-bm-tag8-prod,tag8-,ACTA2,3BM2-26400-01,44:24.6,1508203-01-H,45:58.0
10,3BM-20001,TG120255002KJ8,NMAMC-LINE-01,,ignition-gf1-bm-tag7-prod,tag7-,ACTA1,NMAMC-LINE-01,44:26.2,1508243-01-H,40:52.0
11,3BM-20001,TG1202550026L8,NMAMC-LINE-01,,ignition-gf1-bm-tag7-prod,tag7-,ACTA1,NMAMC-LINE-01,44:27.8,1508244-01-H,51:48.0
12,3BM-20001,TG120255002E2S,NMAMC-LINE-01,,ignition-gf1-bm-tag7-prod,tag7-,ACTA1,NMAMC-LINE-01,44:28.6,1508243-01-H,20:11.0
13,3BM-20001,TG120255002JF0,NMAMC-LINE-01,,ignition-gf1-bm-tag7-prod,tag7-,ACTA1,NMAMC-LINE-01,44:29.5,1508242-01-H,25:07.0
14,3BM-20001,TG120255002SB8,3BM2-26400-01,,ignition-gf1-bm-tag9-prod,tag9-,ACTA3,3BM2-26400-01,44:32.8,1508203-01-H,57:07.0
15,3BM-20001,TG120255002VM8,3BM2-26400-01,,ignition-gf1-bm-tag8-prod,tag8-,ACTA2,3BM2-26400-01,44:34.9,1508202-01-H,37:16.0
16,3BM-20001,TG120255002TMZ,3BM2-26400-01,,ignition-gf1-bm-tag9-prod,tag9-,ACTA3,3BM2-26400-01,44:46.2,1508202-01-H,19:12.0
17,3BM-20001,TG120255002TJ6,3BM2-26400-01,,ignition-gf1-bm-tag9-prod,tag9-,ACTA3,3BM2-26400-01,44:57.8,1508203-01-H,16:53.0
18,3BM-20001,TG120255002TVB,3BM2-26400-01,,ignition-gf1-bm-tag8-prod,tag8-,ACTA2,3BM2-26400-01,45:02.2,1508203-01-H,22:13.0
19,3BM-20001,TG120255002R4K,3BM2-26400-01,,ignition-gf1-bm-tag9-prod,tag9-,ACTA3,3BM2-26400-01,45:15.0,1508204-01-H,46:41.0
20,3BM-20001,TG120255002V6X,3BM2-26400-01,,ignition-gf1-bm-tag9-prod,tag9-,ACTA3,3BM2-26400-01,45:26.1,1508203-01-H,28:51.0
21,3BM-20001,TG120255002WWY,3BM2-26400-01,,ignition-gf1-bm-tag8-prod,tag8-,ACTA2,3BM2-26400-01,45:34.4,1508203-01-H,49:55.0
22,3BM-20001,TG120255002VHS,3BM2-26400-01,,ignition-gf1-bm-tag9-prod,tag9-,ACTA3,3BM2-26400-01,45:42.2,1508202-01-H,35:20.0
23,3BM-20001,TG120255002WCT,3BM2-26400-01,,ignition-gf1-bm-tag8-prod,tag8-,ACTA2,3BM2-26400-01,45:45.1,1508202-01-H,41:31.0
24,3BM-20001,TG120255002M0A,NMAMC-LINE-01,,ignition-gf1-bm-tag7-prod,tag7-,ACTA1,NMAMC-LINE-01,45:53.1,1508243-01-H,01:43.0
25,3BM-20001,TG120255002TPH,3BM2-26400-01,,ignition-gf1-bm-tag9-prod,tag9-,ACTA3,3BM2-26400-01,45:53.2,1508203-01-H,20:13.0
26,3BM-20001,TG120255002GBG,NMAMC-LINE-01,,ignition-gf1-bm-tag7-prod,tag7-,ACTA1,NMAMC-LINE-01,45:54.8,1508242-01-H,54:47.0
27,3BM-20001,TG120255002H6A,NMAMC-LINE-01,,ignition-gf1-bm-tag7-prod,tag7-,ACTA1,NMAMC-LINE-01,45:56.2,1508243-01-H,05:52.0
28,3BM-20001,TG120255002082,NMAMC-LINE-01,,ignition-gf1-bm-tag7-prod,tag7-,ACTA1,NMAMC-LINE-01,45:57.2,1508242-01-H,24:40.0
29,3BM-20001,TG120255002M3D,NMAMC-LINE-01,,ignition-gf1-bm-tag7-prod,tag7-,ACTA1,NMAMC-LINE-01,45:58.2,1508243-01-H,03:13.0
30,3BM-20001,TG120255001EA3,NMAMC-LINE-01,,ignition-gf1-bm-tag7-prod,tag7-,ACTA1,NMAMC-LINE-01,45:59.7,1508244-01-H,13:42.0
31,3BM-20001,TG120255002M4W,NMAMC-LINE-01,,ignition-gf1-bm-tag7-prod,tag7-,ACTA1,NMAMC-LINE-01,46:00.6,1508243-01-H,03:57.0
32,3BM-20001,TG120255002SGE,3BM2-26400-01,,ignition-gf1-bm-tag9-prod,tag9-,ACTA3,3BM2-26400-01,46:08.9,1508203-01-H,59:33.0
33,3BM-20001,TG120255002X0W,3BM2-26400-01,,ignition-gf1-bm-tag8-prod,tag8-,ACTA2,3BM2-26400-01,46:14.7,1508203-01-H,52:04.0
34,3BM-20001,TG120255002TKE,3BM2-26400-01,,ignition-gf1-bm-tag9-prod,tag9-,ACTA3,3BM2-26400-01,46:19.4,1508202-01-H,17:42.0
35,3BM-20001,TG120255002VN3,3BM2-26400-01,,ignition-gf1-bm-tag8-prod,tag8-,ACTA2,3BM2-26400-01,46:24.8,1508204-01-H,37:40.0
36,3BM-20001,TG120255002WZT,3BM2-26400-01,,ignition-gf1-bm-tag8-prod,tag8-,ACTA2,3BM2-26400-01,46:35.5,1508203-01-H,51:29.0
37,3BM-20001,TG120255002SF7,3BM2-26400-01,,ignition-gf1-bm-tag9-prod,tag9-,ACTA3,3BM2-26400-01,46:36.4,1508203-01-H,59:03.0
38,3BM-20001,TG120255002ETH,NMAMC-LINE-01,,ignition-gf1-bm-tag7-prod,tag7-,ACTA1,NMAMC-LINE-01,46:40.1,1508242-01-H,31:37.0
39,3BM-20001,TG120255002WS2,3BM2-26400-01,,ignition-gf1-bm-tag8-prod,tag8-,ACTA2,3BM2-26400-01,46:45.7,1508202-01-H,47:50.0
40,3BM-20001,TG120255002SD0,3BM2-26400-01,,ignition-gf1-bm-tag9-prod,tag9-,ACTA3,3BM2-26400-01,46:46.9,1508204-01-H,58:03.0
41,3BM-20001,TG120255002TLS,3BM2-26400-01,,ignition-gf1-bm-tag9-prod,tag9-,ACTA3,3BM2-26400-01,47:02.9,1508203-01-H,18:31.0
42,3BM-20001,TG120255002WM3,3BM2-26400-01,,ignition-gf1-bm-tag8-prod,tag8-,ACTA2,3BM2-26400-01,47:10.1,1508203-01-H,45:42.0
43,3BM-20001,TG120255002TLK,3BM2-26400-01,,ignition-gf1-bm-tag9-prod,tag9-,ACTA3,3BM2-26400-01,47:13.3,1508202-01-H,18:17.0
44,3BM-20001,TG120255002SLM,3BM2-26400-01,,ignition-gf1-bm-tag9-prod,tag9-,ACTA3,3BM2-26400-01,47:30.8,1508203-01-H,01:18.0
45,3BM-20001,TG120255002TT8,3BM2-26400-01,,ignition-gf1-bm-tag9-prod,tag9-,ACTA3,3BM2-26400-01,47:41.4,1508203-01-H,21:36.0
46,3BM-20001,TG120255002V7C,3BM2-26400-01,,ignition-gf1-bm-tag8-prod,tag8-,ACTA2,3BM2-26400-01,47:47.7,1508203-01-H,29:04.0
47,3BM-20001,TG120255002EYN,NMAMC-LINE-01,,ignition-gf1-bm-tag7-prod,tag7-,ACTA1,NMAMC-LINE-01,47:50.1,1508243-01-H,33:40.0
48,3BM-20001,TG120255002G54,NMAMC-LINE-01,,ignition-gf1-bm-tag7-prod,tag7-,ACTA1,NMAMC-LINE-01,47:52.2,1508243-01-H,51:37.0
49,3BM-20001,TG120255002KPD,NMAMC-LINE-01,,ignition-gf1-bm-tag7-prod,tag7-,ACTA1,NMAMC-LINE-01,47:53.2,1508244-01-H,43:15.0
50,3BM-20001,TG1202550021FZ,NMAMC-LINE-01,,ignition-gf1-bm-tag7-prod,tag7-,ACTA1,NMAMC-LINE-01,47:54.8,1508243-01-H,43:32.0
51,3BM-20001,TG120255002FPW,NMAMC-LINE-01,,ignition-gf1-bm-tag7-prod,tag7-,ACTA1,NMAMC-LINE-01,47:56.5,1508242-01-H,46:00.0
52,3BM-20001,TG120255002TPV,3BM2-26400-01,,ignition-gf1-bm-tag9-prod,tag9-,ACTA3,3BM2-26400-01,47:57.3,1508202-01-H,20:29.0
53,3BM-20001,TG120255002KXB,NMAMC-LINE-01,,ignition-gf1-bm-tag7-prod,tag7-,ACTA1,NMAMC-LINE-01,47:57.5,1508243-01-H,45:50.0
54,3BM-20001,TG120255002X16,3BM2-26400-01,,ignition-gf1-bm-tag8-prod,tag8-,ACTA2,3BM2-26400-01,47:57.9,1508202-01-H,52:18.0
55,3BM-20001,TG120255002SLV,3BM2-26400-01,,ignition-gf1-bm-tag9-prod,tag9-,ACTA3,3BM2-26400-01,48:15.3,1508203-01-H,01:23.0
56,3BM-20001,TG120255002X6L,3BM2-26400-01,,ignition-gf1-bm-tag8-prod,tag8-,ACTA2,3BM2-26400-01,48:25.1,1508203-01-H,55:25.0
57,3BM-20001,TG120255002V8N,3BM2-26400-01,,ignition-gf1-bm-tag9-prod,tag9-,ACTA3,3BM2-26400-01,48:25.8,1508204-01-H,30:07.0
58,3BM-20001,TG120255002V7M,3BM2-26400-01,,ignition-gf1-bm-tag8-prod,tag8-,ACTA2,3BM2-26400-01,48:35.3,1508204-01-H,29:21.0
59,3BM-20001,TG120255002SY2,3BM2-26400-01,,ignition-gf1-bm-tag9-prod,tag9-,ACTA3,3BM2-26400-01,48:36.9,1508204-01-H,05:49.0
60,3BM-20001,TG120255002VBG,3BM2-26400-01,,ignition-gf1-bm-tag8-prod,tag8-,ACTA2,3BM2-26400-01,48:46.0,1508203-01-H,31:42.0
61,3BM-20001,TG120255002WV4,3BM2-26400-01,,ignition-gf1-bm-tag8-prod,tag8-,ACTA2,3BM2-26400-01,48:56.2,1508202-01-H,48:56.0
62,3BM-20001,TG120255002G6T,NMAMC-LINE-01,,ignition-gf1-bm-tag7-prod,tag7-,ACTA1,NMAMC-LINE-01,49:02.4,1508243-01-H,52:22.0
63,3BM-20001,TG1202550026GZ,NMAMC-LINE-01,,ignition-gf1-bm-tag7-prod,tag7-,ACTA1,NMAMC-LINE-01,49:03.9,1508242-01-H,50:20.0
64,3BM-20001,TG120255002KZ6,NMAMC-LINE-01,,ignition-gf1-bm-tag7-prod,tag7-,ACTA1,NMAMC-LINE-01,49:04.8,1508243-01-H,46:35.0
65,3BM-20001,TG1202550021HP,NMAMC-LINE-01,,ignition-gf1-bm-tag7-prod,tag7-,ACTA1,NMAMC-LINE-01,49:06.2,1508244-01-H,44:12.0
66,3BM-20001,TG120255002GCY,NMAMC-LINE-01,,ignition-gf1-bm-tag7-prod,tag7-,ACTA1,NMAMC-LINE-01,49:07.4,1508243-01-H,55:32.0
67,3BM-20001,TG120255001ZPT,NMAMC-LINE-01,,ignition-gf1-bm-tag7-prod,tag7-,ACTA1,NMAMC-LINE-01,49:08.1,1508242-01-H,16:13.0
68,3BM-20001,TG120255002LXR,NMAMC-LINE-01,,ignition-gf1-bm-tag7-prod,tag7-,ACTA1,NMAMC-LINE-01,49:08.7,1508243-01-H,00:14.0
69,3BM-20001,TG120255002WTV,3BM2-26400-01,,ignition-gf1-bm-tag8-prod,tag8-,ACTA2,3BM2-26400-01,49:09.7,1508203-01-H,48:48.0
70,3BM-20001,TG120255002TN6,3BM2-26400-01,,ignition-gf1-bm-tag9-prod,tag9-,ACTA3,3BM2-26400-01,49:30.6,1508203-01-H,19:20.0
71,3BM-20001,TG120255002VA5,3BM2-26400-01,,ignition-gf1-bm-tag9-prod,tag9-,ACTA3,3BM2-26400-01,49:41.3,1508202-01-H,30:58.0
72,3BM-20001,TG120255002X29,3BM2-26400-01,,ignition-gf1-bm-tag8-prod,tag8-,ACTA2,3BM2-26400-01,49:53.6,1508203-01-H,52:50.0
73,3BM-20001,TG120255002VGG,3BM2-26400-01,,ignition-gf1-bm-tag9-prod,tag9-,ACTA3,3BM2-26400-01,49:53.7,1508203-01-H,34:33.0
74,3BM-20001,TG120255002WP4,3BM2-26400-01,,ignition-gf1-bm-tag8-prod,tag8-,ACTA2,3BM2-26400-01,50:03.7,1508202-01-H,46:48.0
75,3BM-20001,TG120255002TSF,3BM2-26400-01,,ignition-gf1-bm-tag9-prod,tag9-,ACTA3,3BM2-26400-01,50:13.3,1508203-01-H,21:17.0
76,3BM-20001,TG120255002VCA,3BM2-26400-01,,ignition-gf1-bm-tag9-prod,tag9-,ACTA3,3BM2-26400-01,50:24.1,1508202-01-H,32:11.0
77,3BM-20001,TG120255002VHL,3BM2-26400-01,,ignition-gf1-bm-tag9-prod,tag9-,ACTA3,3BM2-26400-01,50:35.8,1508203-01-H,35:15.0
78,3BM-20001,TG120255002WWJ,3BM2-26400-01,,ignition-gf1-bm-tag8-prod,tag8-,ACTA2,3BM2-26400-01,50:36.4,1508204-01-H,49:47.0
79,3BM-20001,TG120255002R46,3BM2-26400-01,,ignition-gf1-bm-tag9-prod,tag9-,ACTA3,3BM2-26400-01,50:45.9,1508204-01-H,46:30.0
80,3BM-20001,TG120255002XAV,3BM2-26400-01,,ignition-gf1-bm-tag8-prod,tag8-,ACTA2,3BM2-26400-01,50:47.1,1508203-01-H,57:37.0
81,3BM-20001,TG120255002V8T,3BM2-26400-01,,ignition-gf1-bm-tag9-prod,tag9-,ACTA3,3BM2-26400-01,50:57.0,1508203-01-H,30:12.0
82,3BM-20001,TG120255002WZW,3BM2-26400-01,,ignition-gf1-bm-tag8-prod,tag8-,ACTA2,3BM2-26400-01,50:57.9,1508202-01-H,51:33.0
83,3BM-20001,TG120255002L89,3BM2-26400-01,,ignition-gf1-bm-tag9-prod,tag9-,ACTA3,3BM2-26400-01,51:19.2,1508202-01-H,50:53.0
84,3BM-20001,TG120255002STC,3BM2-26400-01,,ignition-gf1-bm-tag9-prod,tag9-,ACTA3,3BM2-26400-01,51:30.4,1508203-01-H,04:06.0
85,3BM-20001,TG120255002X7Z,3BM2-26400-01,,ignition-gf1-bm-tag8-prod,tag8-,ACTA2,3BM2-26400-01,51:39.0,1508203-01-H,56:17.0
86,3BM-20001,TG120255002VDV,3BM2-26400-01,,ignition-gf1-bm-tag9-prod,tag9-,ACTA3,3BM2-26400-01,51:47.8,1508203-01-H,32:58.0
87,3BM-20001,TG120255002VM4,3BM2-26400-01,,ignition-gf1-bm-tag9-prod,tag9-,ACTA3,3BM2-26400-01,51:58.5,1508202-01-H,37:12.0
88,3BM-20001,TG120255002VED,3BM2-26400-01,,ignition-gf1-bm-tag8-prod,tag8-,ACTA2,3BM2-26400-01,52:09.1,1508203-01-H,33:12.0
89,3BM-20001,TG120255002XCJ,3BM2-26400-01,,ignition-gf1-bm-tag8-prod,tag8-,ACTA2,3BM2-26400-01,52:19.2,1508202-01-H,58:39.0
90,3BM-20001,TG120255002SRF,3BM2-26400-01,,ignition-gf1-bm-tag9-prod,tag9-,ACTA3,3BM2-26400-01,52:30.4,1508203-01-H,03:11.0
91,3BM-20001,TG120255002VGJ,3BM2-26400-01,,ignition-gf1-bm-tag9-prod,tag9-,ACTA3,3BM2-26400-01,52:41.0,1508204-01-H,34:35.0
92,3BM-20001,TG120255002XC7,3BM2-26400-01,,ignition-gf1-bm-tag8-prod,tag8-,ACTA2,3BM2-26400-01,52:47.2,1508203-01-H,58:30.0
93,3BM-20001,TG120255002VNG,3BM2-26400-01,,ignition-gf1-bm-tag9-prod,tag9-,ACTA3,3BM2-26400-01,52:56.2,1508203-01-H,37:54.0
94,3BM-20001,TG120255002WFY,3BM2-26400-01,,ignition-gf1-bm-tag8-prod,tag8-,ACTA2,3BM2-26400-01,52:57.5,1508204-01-H,43:11.0
95,3BM-20001,TG120255002WBK,3BM2-26400-01,,ignition-gf1-bm-tag9-prod,tag9-,ACTA3,3BM2-26400-01,53:06.7,1508202-01-H,40:57.0
96,3BM-20001,TG120255002VJD,3BM2-26400-01,,ignition-gf1-bm-tag8-prod,tag8-,ACTA2,3BM2-26400-01,53:08.2,1508203-01-H,35:36.0
97,3BM-20001,TG120255002XB2,3BM2-26400-01,,ignition-gf1-bm-tag8-prod,tag8-,ACTA2,3BM2-26400-01,53:18.9,1508202-01-H,57:42.0
98,3BM-20001,TG120255002TBN,3BM2-26400-01,,ignition-gf1-bm-tag9-prod,tag9-,ACTA3,3BM2-26400-01,53:28.1,1508203-01-H,13:30.0
99,3BM-20001,TG120255002XEC,3BM2-26400-01,,ignition-gf1-bm-tag8-prod,tag8-,ACTA2,3BM2-26400-01,53:36.7,1508203-01-H,59:37.0
100,3BM-20001,TG120255002VAE,3BM2-26400-01,,ignition-gf1-bm-tag9-prod,tag9-,ACTA3,3BM2-26400-01,53:38.6,1508203-01-H,31:05.0
101,3BM-20001,TG120255002WJ8,3BM2-26400-01,,ignition-gf1-bm-tag9-prod,tag9-,ACTA3,3BM2-26400-01,53:53.3,1508202-01-H,44:13.0
102,3BM-20001,TG120255002VLS,3BM2-26400-01,,ignition-gf1-bm-tag8-prod,tag8-,ACTA2,3BM2-26400-01,54:01.6,1508203-01-H,36:59.0
103,3BM-20001,TG120255002W8L,3BM2-26400-01,,ignition-gf1-bm-tag9-prod,tag9-,ACTA3,3BM2-26400-01,54:04.9,1508203-01-H,39:20.0
104,3BM-20001,TG120255002WHL,3BM2-26400-01,,ignition-gf1-bm-tag8-prod,tag8-,ACTA2,3BM2-26400-01,54:11.9,1508202-01-H,44:03.0
105,3BM-20001,TG120255002S18,3BM2-26400-01,,ignition-gf1-bm-tag9-prod,tag9-,ACTA3,3BM2-26400-01,54:20.5,1508204-01-H,52:35.0
106,3BM-20001,TG120255002VP8,3BM2-26400-01,,ignition-gf1-bm-tag8-prod,tag8-,ACTA2,3BM2-26400-01,54:27.3,1508203-01-H,38:21.0
107,3BM-20001,TG120255002WA8,3BM2-26400-01,,ignition-gf1-bm-tag9-prod,tag9-,ACTA3,3BM2-26400-01,54:31.4,1508203-01-H,40:09.0
108,3BM-20001,TG120255002VC5,3BM2-26400-01,,ignition-gf1-bm-tag8-prod,tag8-,ACTA2,3BM2-26400-01,54:37.6,1508204-01-H,32:06.0
109,3BM-20001,TG120255002X21,3BM2-26400-01,,ignition-gf1-bm-tag9-prod,tag9-,ACTA3,3BM2-26400-01,54:46.6,1508202-01-H,52:43.0
110,3BM-20001,TG120255002XG6,3BM2-26400-01,,ignition-gf1-bm-tag8-prod,tag8-,ACTA2,3BM2-26400-01,54:48.3,1508203-01-H,00:42.0
111,3BM-20001,TG120255002TEZ,3BM2-26400-01,,ignition-gf1-bm-tag9-prod,tag9-,ACTA3,3BM2-26400-01,54:57.9,1508203-01-H,15:07.0
112,3BM-20001,TG120255002WYW,3BM2-26400-01,,ignition-gf1-bm-tag8-prod,tag8-,ACTA2,3BM2-26400-01,54:58.9,1508202-01-H,50:58.0
113,3BM-20001,TG120255002WBA,3BM2-26400-01,,ignition-gf1-bm-tag9-prod,tag9-,ACTA3,3BM2-26400-01,55:17.0,1508203-01-H,40:50.0
114,3BM-20001,TG120255002WAB,3BM2-26400-01,,ignition-gf1-bm-tag8-prod,tag8-,ACTA2,3BM2-26400-01,55:18.4,1508203-01-H,40:12.0
115,3BM-20001,TG120255002WCC,3BM2-26400-01,,ignition-gf1-bm-tag9-prod,tag9-,ACTA3,3BM2-26400-01,55:27.5,1508202-01-H,41:14.0
116,3BM-20001,TG120255002VGD,3BM2-26400-01,,ignition-gf1-bm-tag9-prod,tag9-,ACTA3,3BM2-26400-01,55:45.3,1508203-01-H,34:31.0
117,3BM-20001,TG120255002SJV,3BM2-26400-01,,ignition-gf1-bm-tag9-prod,tag9-,ACTA3,3BM2-26400-01,55:55.7,1508204-01-H,00:31.0
118,3BM-20001,TG120255002XKL,3BM2-26400-01,,ignition-gf1-bm-tag8-prod,tag8-,ACTA2,3BM2-26400-01,55:56.0,1508203-01-H,02:36.0
119,3BM-20001,TG120255002X3X,3BM2-26400-01,,ignition-gf1-bm-tag8-prod,tag8-,ACTA2,3BM2-26400-01,56:07.0,1508202-01-H,53:49.0
120,3BM-20001,TG120255002VDP,3BM2-26400-01,,ignition-gf1-bm-tag9-prod,tag9-,ACTA3,3BM2-26400-01,56:14.0,1508203-01-H,32:53.0
121,3BM-20001,TG120255002NPE,3BM2-26400-01,,ignition-gf1-bm-tag9-prod,tag9-,ACTA3,3BM2-26400-01,56:24.5,1508202-01-H,26:22.0
122,3BM-20001,TG120255002WCA,3BM2-26400-01,,ignition-gf1-bm-tag8-prod,tag8-,ACTA2,3BM2-26400-01,56:48.7,1508203-01-H,41:13.0
123,3BM-20001,TG120255002WAX,3BM2-26400-01,,ignition-gf1-bm-tag8-prod,tag8-,ACTA2,3BM2-26400-01,56:59.2,1508204-01-H,40:31.0
124,3BM-20001,TG120255002WZ5,3BM2-26400-01,,ignition-gf1-bm-tag8-prod,tag8-,ACTA2,3BM2-26400-01,57:09.8,1508203-01-H,51:07.0
125,3BM-20001,TG120255002VKZ,3BM2-26400-01,,ignition-gf1-bm-tag9-prod,tag9-,ACTA3,3BM2-26400-01,57:15.5,1508203-01-H,36:30.0
126,3BM-20001,TG120255002XHT,3BM2-26400-01,,ignition-gf1-bm-tag8-prod,tag8-,ACTA2,3BM2-26400-01,57:20.4,1508202-01-H,01:39.0
127,3BM-20001,TG120255002WHF,3BM2-26400-01,,ignition-gf1-bm-tag9-prod,tag9-,ACTA3,3BM2-26400-01,57:26.3,1508203-01-H,43:59.0
128,3BM-20001,TG120255002VJ9,3BM2-26400-01,,ignition-gf1-bm-tag9-prod,tag9-,ACTA3,3BM2-26400-01,57:37.7,1508202-01-H,35:34.0
129,3BM-20001,TG120255002WRA,3BM2-26400-01,,ignition-gf1-bm-tag9-prod,tag9-,ACTA3,3BM2-26400-01,57:50.4,1508203-01-H,47:19.0
130,3BM-20001,TG120255002WMB,3BM2-26400-01,,ignition-gf1-bm-tag9-prod,tag9-,ACTA3,3BM2-26400-01,58:03.3,1508204-01-H,45:51.0
131,3BM-20001,TG120255002THS,3BM2-26400-01,,ignition-gf1-bm-tag9-prod,tag9-,ACTA3,3BM2-26400-01,58:15.8,1508203-01-H,16:42.0
132,3BM-20001,TG120255002D0D,3BM2-26400-01,,ignition-gf1-bm-tag9-prod,tag9-,ACTA3,3BM2-26400-01,58:28.4,1508202-01-H,05:33.0
133,3BM-20001,TG120255002WTN,3BM2-26400-01,,ignition-gf1-bm-tag9-prod,tag9-,ACTA3,3BM2-26400-01,58:41.0,1508203-01-H,48:45.0
134,3BM-20001,TG120255002WA6,3BM2-26400-01,,ignition-gf1-bm-tag9-prod,tag9-,ACTA3,3BM2-26400-01,58:57.7,1508203-01-H,40:08.0
135,3BM-20001,TG120255002WG9,3BM2-26400-01,,ignition-gf1-bm-tag8-prod,tag8-,ACTA2,3BM2-26400-01,59:04.5,1508203-01-H,43:25.0
136,3BM-20001,TG120255002WC3,3BM2-26400-01,,ignition-gf1-bm-tag9-prod,tag9-,ACTA3,3BM2-26400-01,59:08.0,1508202-01-H,41:09.0
137,3BM-20001,TG120255002WMP,3BM2-26400-01,,ignition-gf1-bm-tag9-prod,tag9-,ACTA3,3BM2-26400-01,59:19.6,1508203-01-H,46:08.0
138,3BM-20001,TG120255002X01,3BM2-26400-01,,ignition-gf1-bm-tag9-prod,tag9-,ACTA3,3BM2-26400-01,59:31.4,1508204-01-H,51:36.0
139,3BM-20001,TG120255002WDC,3BM2-26400-01,,ignition-gf1-bm-tag9-prod,tag9-,ACTA3,3BM2-26400-01,59:44.1,1508203-01-H,41:46.0
140,3BM-20001,TG120255002X3B,3BM2-26400-01,,ignition-gf1-bm-tag9-prod,tag9-,ACTA3,3BM2-26400-01,00:12.4,1508202-01-H,53:31.0
141,3BM-20001,TG120255002TJW,3BM2-26400-01,,ignition-gf1-bm-tag9-prod,tag9-,ACTA3,3BM2-26400-01,00:23.3,1508203-01-H,17:28.0
142,3BM-20001,TG120255002X1N,3BM2-26400-01,,ignition-gf1-bm-tag9-prod,tag9-,ACTA3,3BM2-26400-01,00:41.4,1508203-01-H,52:36.0
143,3BM-20001,TG120255002X2V,NMAMC-LINE-02,,ignition-gf1-bm-tag8-prod,tag8-,ACTA2,NMAMC-LINE-02,00:48.9,1508203-01-H,53:07.0
144,3BM-20001,TG120255002X6M,3BM2-26400-01,,ignition-gf1-bm-tag9-prod,tag9-,ACTA3,3BM2-26400-01,00:51.8,1508202-01-H,55:28.0
145,3BM-20001,TG120255002X4Y,3BM2-26400-01,,ignition-gf1-bm-tag9-prod,tag9-,ACTA3,3BM2-26400-01,01:03.3,1508203-01-H,54:26.0
146,3BM-20001,TG120255002TDA,3BM2-26400-01,,ignition-gf1-bm-tag9-prod,tag9-,ACTA3,3BM2-26400-01,01:13.9,1508204-01-H,14:17.0
147,3BM-20001,TG120255001YP2,NMAMC-LINE-01,,ignition-gf1-bm-tag7-prod,tag7-,ACTA1,NMAMC-LINE-01,01:17.7,1508243-01-H,59:30.0
148,3BM-20001,TG120255001Y0F,NMAMC-LINE-01,,ignition-gf1-bm-tag7-prod,tag7-,ACTA1,NMAMC-LINE-01,01:18.8,1508242-01-H,48:09.0
149,3BM-20001,TG120255000YZV,NMAMC-LINE-01,,ignition-gf1-bm-tag7-prod,tag7-,ACTA1,NMAMC-LINE-01,01:20.3,1508243-01-H,20:54.0
150,3BM-20001,TG120255001TFJ,NMAMC-LINE-01,,ignition-gf1-bm-tag7-prod,tag7-,ACTA1,NMAMC-LINE-01,01:21.1,1508244-01-H,58:29.0
151,3BM-20001,TG120255001DKH,NMAMC-LINE-01,,ignition-gf1-bm-tag7-prod,tag7-,ACTA1,NMAMC-LINE-01,01:21.9,1508243-01-H,03:16.0
152,3BM-20001,TG120255001VN2,NMAMC-LINE-01,,ignition-gf1-bm-tag7-prod,tag7-,ACTA1,NMAMC-LINE-01,01:23.0,1508242-01-H,15:04.0
153,3BM-20001,TG120255002WFS,3BM2-26400-01,,ignition-gf1-bm-tag9-prod,tag9-,ACTA3,3BM2-26400-01,01:24.9,1508203-01-H,43:06.0
154,3BM-20001,TG120255002XDT,3BM2-26400-01,,ignition-gf1-bm-tag8-prod,tag8-,ACTA2,3BM2-26400-01,01:29.1,1508203-01-H,59:18.0
155,3BM-20001,TG120255002X79,3BM2-26400-01,,ignition-gf1-bm-tag9-prod,tag9-,ACTA3,3BM2-26400-01,01:39.0,1508202-01-H,56:00.0
156,3BM-20001,TG120255002X84,3BM2-26400-01,,ignition-gf1-bm-tag8-prod,tag8-,ACTA2,3BM2-26400-01,01:39.3,1508202-01-H,56:21.0
157,3BM-20001,TG120255002X5X,3BM2-26400-01,,ignition-gf1-bm-tag9-prod,tag9-,ACTA3,3BM2-26400-01,01:50.1,1508203-01-H,55:08.0
158,3BM-20001,TG120255002WM8,3BM2-26400-01,,ignition-gf1-bm-tag8-prod,tag8-,ACTA2,3BM2-26400-01,01:55.7,1508203-01-H,45:49.0
159,3BM-20001,TG120255002WPT,3BM2-26400-01,,ignition-gf1-bm-tag8-prod,tag8-,ACTA2,3BM2-26400-01,02:06.4,1508204-01-H,47:03.0
160,3BM-20001,TG120255002TMK,3BM2-26400-01,,ignition-gf1-bm-tag9-prod,tag9-,ACTA3,3BM2-26400-01,02:07.1,1508203-01-H,19:03.0
161,3BM-20001,TG120255002WRZ,3BM2-26400-01,,ignition-gf1-bm-tag8-prod,tag8-,ACTA2,3BM2-26400-01,02:17.2,1508203-01-H,47:46.0
162,3BM-20001,TG120255002XG7,3BM2-26400-01,,ignition-gf1-bm-tag9-prod,tag9-,ACTA3,3BM2-26400-01,02:17.5,1508202-01-H,00:43.0
163,3BM-20001,TG120255002X0P,3BM2-26400-01,,ignition-gf1-bm-tag8-prod,tag8-,ACTA2,3BM2-26400-01,02:28.0,1508202-01-H,52:01.0
164,3BM-20001,TG120255001Y5Z,NMAMC-LINE-01,,ignition-gf1-bm-tag7-prod,tag7-,ACTA1,NMAMC-LINE-01,02:35.0,1508243-01-H,50:24.0
165,3BM-20001,TG120255001D3C,NMAMC-LINE-01,,ignition-gf1-bm-tag7-prod,tag7-,ACTA1,NMAMC-LINE-01,02:36.8,1508242-01-H,55:55.0
166,3BM-20001,TG120255001Y28,NMAMC-LINE-01,,ignition-gf1-bm-tag7-prod,tag7-,ACTA1,NMAMC-LINE-01,02:38.2,1508243-01-H,48:54.0
167,3BM-20001,TG120255001DFZ,NMAMC-LINE-01,,ignition-gf1-bm-tag7-prod,tag7-,ACTA1,NMAMC-LINE-01,02:40.0,1508244-01-H,01:39.0
168,3BM-20001,TG120255000YY1,NMAMC-LINE-01,,ignition-gf1-bm-tag7-prod,tag7-,ACTA1,NMAMC-LINE-01,02:40.8,1508243-01-H,19:32.0
169,3BM-20001,TG120255001TP0,NMAMC-LINE-01,,ignition-gf1-bm-tag7-prod,tag7-,ACTA1,NMAMC-LINE-01,02:41.5,1508242-01-H,02:30.0
170,3BM-20001,TG120255000Z5F,NMAMC-LINE-01,,ignition-gf1-bm-tag7-prod,tag7-,ACTA1,NMAMC-LINE-01,02:42.2,1508243-01-H,24:00.0
171,3BM-20001,TG120255002X99,3BM2-26400-01,,ignition-gf1-bm-tag9-prod,tag9-,ACTA3,3BM2-26400-01,02:43.5,1508203-01-H,56:58.0
172,3BM-20001,TG120255002V5F,3BM2-26400-01,,ignition-gf1-bm-tag9-prod,tag9-,ACTA3,3BM2-26400-01,02:54.0,1508204-01-H,27:58.0
173,3BM-20001,TG120255001DJ0,NMAMC-LINE-01,,ignition-gf1-bm-tag7-prod,tag7-,ACTA1,NMAMC-LINE-01,03:12.8,1508244-01-H,02:29.0
174,3BM-20001,TG120255002VHW,3BM2-26400-01,,ignition-gf1-bm-tag9-prod,tag9-,ACTA3,3BM2-26400-01,03:13.6,1508203-01-H,35:22.0
175,3BM-20001,TG120255002XXT,3BM2-26400-01,,ignition-gf1-bm-tag9-prod,tag9-,ACTA3,3BM2-26400-01,03:41.9,1508202-01-H,07:08.0
176,3BM-20001,TG120255002V8J,3BM2-26400-01,,ignition-gf1-bm-tag9-prod,tag9-,ACTA3,3BM2-26400-01,03:53.0,1508203-01-H,30:03.0
177,3BM-20001,TG120255002V94,3BM2-26400-01,,ignition-gf1-bm-tag9-prod,tag9-,ACTA3,3BM2-26400-01,04:06.7,1508203-01-H,30:20.0
178,3BM-20001,TG120255002P3J,3BM2-26400-01,,ignition-gf1-bm-tag9-prod,tag9-,ACTA3,3BM2-26400-01,04:17.2,1508202-01-H,31:44.0
179,3BM-20001,TG120255002VDC,3BM2-26400-01,,ignition-gf1-bm-tag9-prod,tag9-,ACTA3,3BM2-26400-01,04:28.6,1508203-01-H,32:38.0
180,3BM-20001,TG120255002XB8,3BM2-26400-01,,ignition-gf1-bm-tag9-prod,tag9-,ACTA3,3BM2-26400-01,04:39.2,1508204-01-H,57:45.0
181,3BM-20001,TG120255001L22,NMAMC-LINE-01,,ignition-gf1-bm-tag7-prod,tag7-,ACTA1,NMAMC-LINE-01,04:46.7,1508243-01-H,41:10.0
182,3BM-20001,TG120255001TJK,NMAMC-LINE-01,,ignition-gf1-bm-tag7-prod,tag7-,ACTA1,NMAMC-LINE-01,04:48.1,1508242-01-H,00:04.0
183,3BM-20001,TG120255001ZC4,NMAMC-LINE-01,,ignition-gf1-bm-tag7-prod,tag7-,ACTA1,NMAMC-LINE-01,04:49.2,1508243-01-H,11:18.0
184,3BM-20001,TG120255002VFJ,3BM2-26400-01,,ignition-gf1-bm-tag9-prod,tag9-,ACTA3,3BM2-26400-01,04:50.1,1508203-01-H,33:54.0
185,3BM-20001,TG120255002H11,NMAMC-LINE-01,,ignition-gf1-bm-tag7-prod,tag7-,ACTA1,NMAMC-LINE-01,04:50.8,1508244-01-H,03:14.0
186,3BM-20001,TG1202550021JF,NMAMC-LINE-01,,ignition-gf1-bm-tag7-prod,tag7-,ACTA1,NMAMC-LINE-01,04:51.5,1508243-01-H,44:33.0
187,3BM-20001,TG120255000VRH,NMAMC-LINE-01,,ignition-gf1-bm-tag7-prod,tag7-,ACTA1,NMAMC-LINE-01,04:52.5,1508242-01-H,26:44.0
188,3BM-20001,TG120255001TH5,NMAMC-LINE-01,,ignition-gf1-bm-tag7-prod,tag7-,ACTA1,NMAMC-LINE-01,04:53.1,1508243-01-H,59:19.0
189,3BM-20001,TG120255002TYL,3BM2-26400-01,,ignition-gf1-bm-tag8-prod,tag8-,ACTA2,3BM2-26400-01,04:56.6,1508203-01-H,24:10.0
190,3BM-20001,TG120255002X96,3BM2-26400-01,,ignition-gf1-bm-tag9-prod,tag9-,ACTA3,3BM2-26400-01,05:18.5,1508202-01-H,56:53.0
191,3BM-20001,TG120255002V2J,3BM2-26400-01,,ignition-gf1-bm-tag8-prod,tag8-,ACTA2,3BM2-26400-01,05:31.8,1508203-01-H,26:05.0
192,3BM-20001,TG120255002XML,3BM2-26400-01,,ignition-gf1-bm-tag9-prod,tag9-,ACTA3,3BM2-26400-01,05:34.9,1508203-01-H,03:32.0
193,3BM-20001,TG120255002XF7,3BM2-26400-01,,ignition-gf1-bm-tag8-prod,tag8-,ACTA2,3BM2-26400-01,05:42.0,1508202-01-H,00:06.0
194,3BM-20001,TG120255002WKK,3BM2-26400-01,,ignition-gf1-bm-tag9-prod,tag9-,ACTA3,3BM2-26400-01,05:45.4,1508203-01-H,45:02.0
195,3BM-20001,TG120255002WJ9,3BM2-26400-01,,ignition-gf1-bm-tag9-prod,tag9-,ACTA3,3BM2-26400-01,05:56.3,1508202-01-H,44:14.0
196,3BM-20001,TG120255002XAP,3BM2-26400-01,,ignition-gf1-bm-tag9-prod,tag9-,ACTA3,3BM2-26400-01,06:07.9,1508203-01-H,57:35.0
197,3BM-20001,TG120255002X2F,3BM2-26400-01,,ignition-gf1-bm-tag8-prod,tag8-,ACTA2,3BM2-26400-01,06:10.9,1508203-01-H,52:59.0
198,3BM-20001,TG120255002Y1F,3BM2-26400-01,,ignition-gf1-bm-tag9-prod,tag9-,ACTA3,3BM2-26400-01,06:18.5,1508204-01-H,08:46.0
199,3BM-20001,TG120255002X86,3BM2-26400-01,,ignition-gf1-bm-tag8-prod,tag8-,ACTA2,3BM2-26400-01,06:21.8,1508204-01-H,56:24.0
200,3BM-20001,TG120255002X44,3BM2-26400-01,,ignition-gf1-bm-tag8-prod,tag8-,ACTA2,3BM2-26400-01,06:32.3,1508203-01-H,53:58.0
201,3BM-20001,TG120255002XEE,3BM2-26400-01,,ignition-gf1-bm-tag8-prod,tag8-,ACTA2,3BM2-26400-01,06:42.6,1508202-01-H,59:43.0
202,3BM-20001,TG120255002VL0,3BM2-26400-01,,ignition-gf1-bm-tag9-prod,tag9-,ACTA3,3BM2-26400-01,06:55.8,1508203-01-H,36:30.0
203,3BM-20001,TG120255002XYL,3BM2-26400-01,,ignition-gf1-bm-tag9-prod,tag9-,ACTA3,3BM2-26400-01,07:06.6,1508202-01-H,07:29.0
204,3BM-20001,TG120255002XL5,3BM2-26400-01,,ignition-gf1-bm-tag8-prod,tag8-,ACTA2,3BM2-26400-01,07:12.1,1508203-01-H,02:50.0
205,3BM-20001,TG120255002WNS,3BM2-26400-01,,ignition-gf1-bm-tag9-prod,tag9-,ACTA3,3BM2-26400-01,07:17.6,1508203-01-H,46:40.0
206,3BM-20001,TG120255002X9T,3BM2-26400-01,,ignition-gf1-bm-tag8-prod,tag8-,ACTA2,3BM2-26400-01,07:39.8,1508203-01-H,57:12.0
207,3BM-20001,TG120255002XTK,3BM2-26400-01,,ignition-gf1-bm-tag8-prod,tag8-,ACTA2,3BM2-26400-01,07:50.1,1508202-01-H,05:38.0
208,3BM-20001,TG120255002VP5,3BM2-26400-01,,ignition-gf1-bm-tag9-prod,tag9-,ACTA3,3BM2-26400-01,07:50.3,1508203-01-H,38:17.0
209,3BM-20001,TG120255002MET,3BM2-26400-01,,ignition-gf1-bm-tag9-prod,tag9-,ACTA3,3BM2-26400-01,08:00.9,1508202-01-H,08:14.0
210,3BM-20001,TG120255002V4A,3BM2-26400-01,,ignition-gf1-bm-tag8-prod,tag8-,ACTA2,3BM2-26400-01,08:01.7,1508203-01-H,27:09.0
211,3BM-20001,TG120255002WJ0,NMAMC-LINE-02,,ignition-gf1-bm-tag8-prod,tag8-,ACTA2,NMAMC-LINE-02,08:04.3,1508203-01-H,44:10.0
212,3BM-20001,TG120255002X4D,3BM2-26400-01,,ignition-gf1-bm-tag8-prod,tag8-,ACTA2,3BM2-26400-01,08:12.4,1508204-01-H,54:06.0
213,3BM-20001,TG120255002Y04,3BM2-26400-01,,ignition-gf1-bm-tag9-prod,tag9-,ACTA3,3BM2-26400-01,08:16.3,1508203-01-H,08:11.0
214,3BM-20001,TG120255002VMA,3BM2-26400-01,,ignition-gf1-bm-tag9-prod,tag9-,ACTA3,3BM2-26400-01,08:26.9,1508204-01-H,37:17.0
215,3BM-20001,TG120255002Y2C,3BM2-26400-01,,ignition-gf1-bm-tag8-prod,tag8-,ACTA2,3BM2-26400-01,08:33.5,1508202-01-H,09:12.0
216,3BM-20001,TG120255002X3D,3BM2-26400-01,,ignition-gf1-bm-tag9-prod,tag9-,ACTA3,3BM2-26400-01,08:41.7,1508203-01-H,53:32.0
217,3BM-20001,TG120255002XGB,3BM2-26400-01,,ignition-gf1-bm-tag8-prod,tag8-,ACTA2,3BM2-26400-01,08:44.0,1508203-01-H,00:45.0
218,3BM-20001,TG120255002XN2,3BM2-26400-01,,ignition-gf1-bm-tag9-prod,tag9-,ACTA3,3BM2-26400-01,08:55.4,1508202-01-H,03:39.0
219,3BM-20001,TG120255002Y1T,3BM2-26400-01,,ignition-gf1-bm-tag9-prod,tag9-,ACTA3,3BM2-26400-01,09:06.5,1508203-01-H,08:54.0
220,3BM-20001,TG120255002XGG,3BM2-26400-01,,ignition-gf1-bm-tag8-prod,tag8-,ACTA2,3BM2-26400-01,09:14.4,1508203-01-H,00:54.0
221,3BM-20001,TG120255002X58,3BM2-26400-01,,ignition-gf1-bm-tag9-prod,tag9-,ACTA3,3BM2-26400-01,09:21.3,1508203-01-H,54:39.0
222,3BM-20001,TG120255002XMZ,3BM2-26400-01,,ignition-gf1-bm-tag8-prod,tag8-,ACTA2,3BM2-26400-01,09:24.7,1508202-01-H,03:37.0
223,3BM-20001,TG120255002X9J,3BM2-26400-01,,ignition-gf1-bm-tag9-prod,tag9-,ACTA3,3BM2-26400-01,09:31.9,1508202-01-H,57:04.0
224,3BM-20001,TG120255002Y4E,3BM2-26400-01,,ignition-gf1-bm-tag8-prod,tag8-,ACTA2,3BM2-26400-01,09:40.6,1508203-01-H,10:14.0
225,3BM-20001,TG120255002XPH,3BM2-26400-01,,ignition-gf1-bm-tag9-prod,tag9-,ACTA3,3BM2-26400-01,09:50.7,1508203-01-H,04:21.0
226,3BM-20001,TG120255002XBJ,3BM2-26400-01,,ignition-gf1-bm-tag8-prod,tag8-,ACTA2,3BM2-26400-01,09:51.4,1508204-01-H,58:01.0
227,3BM-20001,TG120255002Y3A,3BM2-26400-01,,ignition-gf1-bm-tag9-prod,tag9-,ACTA3,3BM2-26400-01,10:01.1,1508204-01-H,09:37.0
228,3BM-20001,TG120255002XRM,3BM2-26400-01,,ignition-gf1-bm-tag8-prod,tag8-,ACTA2,3BM2-26400-01,10:02.0,1508203-01-H,04:47.0
229,3BM-20001,TG120255002XWY,3BM2-26400-01,,ignition-gf1-bm-tag8-prod,tag8-,ACTA2,3BM2-26400-01,10:12.4,1508202-01-H,06:41.0
230,3BM-20001,TG120255002X98,3BM2-26400-01,,ignition-gf1-bm-tag9-prod,tag9-,ACTA3,3BM2-26400-01,10:17.5,1508203-01-H,56:56.0
231,3BM-20001,TG120255002XFJ,3BM2-26400-01,,ignition-gf1-bm-tag9-prod,tag9-,ACTA3,3BM2-26400-01,10:28.6,1508202-01-H,00:19.0
232,3BM-20001,TG120255002XN3,3BM2-26400-01,,ignition-gf1-bm-tag8-prod,tag8-,ACTA2,3BM2-26400-01,10:33.0,1508203-01-H,03:40.0
233,3BM-20001,TG120255002Y4K,3BM2-26400-01,,ignition-gf1-bm-tag9-prod,tag9-,ACTA3,3BM2-26400-01,10:48.4,1508203-01-H,10:20.0
234,3BM-20001,TG120255002XPX,3BM2-26400-01,,ignition-gf1-bm-tag8-prod,tag8-,ACTA2,3BM2-26400-01,11:00.3,1508203-01-H,04:30.0
235,3BM-20001,TG120255002XS3,3BM2-26400-01,,ignition-gf1-bm-tag9-prod,tag9-,ACTA3,3BM2-26400-01,11:04.3,1508203-01-H,05:03.0
236,3BM-20001,TG120255002XNA,3BM2-26400-01,,ignition-gf1-bm-tag8-prod,tag8-,ACTA2,3BM2-26400-01,11:10.5,1508202-01-H,03:49.0
237,3BM-20001,TG120255002Y4T,3BM2-26400-01,,ignition-gf1-bm-tag9-prod,tag9-,ACTA3,3BM2-26400-01,11:14.8,1508202-01-H,10:25.0
238,3BM-20001,TG120255002X1J,3BM2-26400-01,,ignition-gf1-bm-tag8-prod,tag8-,ACTA2,3BM2-26400-01,11:26.2,1508203-01-H,52:35.0
239,3BM-20001,TG120255002XRE,3BM2-26400-01,,ignition-gf1-bm-tag8-prod,tag8-,ACTA2,3BM2-26400-01,11:37.0,1508204-01-H,04:39.0
240,3BM-20001,TG120255002Y92,3BM2-26400-01,,ignition-gf1-bm-tag8-prod,tag8-,ACTA2,3BM2-26400-01,11:48.0,1508203-01-H,12:12.0
241,3BM-20001,TG120255002XXJ,3BM2-26400-01,,ignition-gf1-bm-tag8-prod,tag8-,ACTA2,3BM2-26400-01,11:57.9,1508202-01-H,06:56.0
242,3BM-20001,TG120255002WDJ,3BM2-26400-01,,ignition-gf1-bm-tag9-prod,tag9-,ACTA3,3BM2-26400-01,11:59.7,1508203-01-H,41:55.0
243,3BM-20001,TG120255002MEZ,NMAMC-LINE-01,,ignition-gf1-bm-tag7-prod,tag7-,ACTA1,NMAMC-LINE-01,12:09.3,1508243-01-H,08:18.0
244,3BM-20001,TG120255002N4E,NMAMC-LINE-01,,ignition-gf1-bm-tag7-prod,tag7-,ACTA1,NMAMC-LINE-01,12:10.3,1508242-01-H,17:29.0
245,3BM-20001,TG120255002TLA,3BM2-26400-01,,ignition-gf1-bm-tag9-prod,tag9-,ACTA3,3BM2-26400-01,12:10.4,1508204-01-H,18:06.0
246,3BM-20001,TG120255002N67,NMAMC-LINE-01,,ignition-gf1-bm-tag7-prod,tag7-,ACTA1,NMAMC-LINE-01,12:12.2,1508243-01-H,18:14.0
247,3BM-20001,TG120255002MJD,NMAMC-LINE-01,,ignition-gf1-bm-tag7-prod,tag7-,ACTA1,NMAMC-LINE-01,12:15.2,1508243-01-H,09:49.0
248,3BM-20001,TG120255002ERP,NMAMC-LINE-01,,ignition-gf1-bm-tag7-prod,tag7-,ACTA1,NMAMC-LINE-01,12:15.9,1508242-01-H,30:37.0
249,3BM-20001,TG120255002N2M,NMAMC-LINE-01,,ignition-gf1-bm-tag7-prod,tag7-,ACTA1,NMAMC-LINE-01,12:17.0,1508243-01-H,16:44.0
250,3BM-20001,TG120255002XCZ,3BM2-26400-01,,ignition-gf1-bm-tag8-prod,tag8-,ACTA2,3BM2-26400-01,12:17.1,1508203-01-H,58:50.0
251,3BM-20001,TG120255002XE2,3BM2-26400-01,,ignition-gf1-bm-tag9-prod,tag9-,ACTA3,3BM2-26400-01,12:37.1,1508203-01-H,59:27.0
252,3BM-20001,TG120255002Y69,3BM2-26400-01,,ignition-gf1-bm-tag9-prod,tag9-,ACTA3,3BM2-26400-01,12:47.5,1508202-01-H,11:04.0
253,3BM-20001,TG120255002X64,3BM2-26400-01,,ignition-gf1-bm-tag8-prod,tag8-,ACTA2,3BM2-26400-01,12:53.8,1508203-01-H,55:14.0
254,3BM-20001,TG120255002DLV,NMAMC-LINE-01,,ignition-gf1-bm-tag7-prod,tag7-,ACTA1,NMAMC-LINE-01,13:04.4,1508244-01-H,14:38.0
255,3BM-20001,TG120255002YBB,3BM2-26400-01,,ignition-gf1-bm-tag8-prod,tag8-,ACTA2,3BM2-26400-01,13:04.5,1508202-01-H,13:10.0
256,3BM-20001,TG120255002XVR,3BM2-26400-01,,ignition-gf1-bm-tag8-prod,tag8-,ACTA2,3BM2-26400-01,13:23.5,1508203-01-H,06:08.0
257,3BM-20001,TG120255002XMN,3BM2-26400-01,,ignition-gf1-bm-tag8-prod,tag8-,ACTA2,3BM2-26400-01,13:34.2,1508204-01-H,03:33.0
258,3BM-20001,TG120255002Y0P,3BM2-26400-01,,ignition-gf1-bm-tag9-prod,tag9-,ACTA3,3BM2-26400-01,13:39.3,1508203-01-H,08:27.0
259,3BM-20001,TG120255002XZ5,3BM2-26400-01,,ignition-gf1-bm-tag8-prod,tag8-,ACTA2,3BM2-26400-01,13:44.9,1508203-01-H,07:42.0
260,3BM-20001,TG120255002Y5H,3BM2-26400-01,,ignition-gf1-bm-tag8-prod,tag8-,ACTA2,3BM2-26400-01,13:55.4,1508202-01-H,10:46.0
261,3BM-20001,TG120255002XPE,3BM2-26400-01,,ignition-gf1-bm-tag9-prod,tag9-,ACTA3,3BM2-26400-01,13:58.8,1508203-01-H,04:19.0
262,3BM-20001,TG120255002XPB,3BM2-26400-01,,ignition-gf1-bm-tag9-prod,tag9-,ACTA3,3BM2-26400-01,14:09.1,1508202-01-H,04:12.0
263,3BM-20001,TG120255002YFS,3BM2-26400-01,,ignition-gf1-bm-tag8-prod,tag8-,ACTA2,3BM2-26400-01,14:09.4,1508203-01-H,15:07.0
264,3BM-20001,TG120255002E5M,NMAMC-LINE-01,,ignition-gf1-bm-tag7-prod,tag7-,ACTA1,NMAMC-LINE-01,14:10.1,1508242-01-H,21:23.0
265,3BM-20001,TG120255002NF6,NMAMC-LINE-01,,ignition-gf1-bm-tag7-prod,tag7-,ACTA1,NMAMC-LINE-01,14:14.5,1508243-01-H,22:25.0
266,3BM-20001,TG120255002LZ4,NMAMC-LINE-01,,ignition-gf1-bm-tag7-prod,tag7-,ACTA1,NMAMC-LINE-01,14:15.4,1508244-01-H,00:59.0
267,3BM-20001,TG120255002M9G,NMAMC-LINE-01,,ignition-gf1-bm-tag7-prod,tag7-,ACTA1,NMAMC-LINE-01,14:17.1,1508243-01-H,06:08.0
268,3BM-20001,TG120255002H81,NMAMC-LINE-01,,ignition-gf1-bm-tag7-prod,tag7-,ACTA1,NMAMC-LINE-01,14:18.6,1508242-01-H,06:37.0
269,3BM-20001,TG120255002H9H,NMAMC-LINE-01,,ignition-gf1-bm-tag7-prod,tag7-,ACTA1,NMAMC-LINE-01,14:19.6,1508243-01-H,07:23.0
270,3BM-20001,TG120255002Y81,3BM2-26400-01,,ignition-gf1-bm-tag9-prod,tag9-,ACTA3,3BM2-26400-01,14:20.8,1508203-01-H,11:46.0
271,3BM-20001,TG120255002MT1,NMAMC-LINE-01,,ignition-gf1-bm-tag7-prod,tag7-,ACTA1,NMAMC-LINE-01,14:21.5,1508243-01-H,13:01.0
272,3BM-20001,TG120255002Y27,3BM2-26400-01,,ignition-gf1-bm-tag9-prod,tag9-,ACTA3,3BM2-26400-01,14:31.1,1508204-01-H,09:08.0
273,3BM-20001,TG120255002XJ2,3BM2-26400-01,,ignition-gf1-bm-tag8-prod,tag8-,ACTA2,3BM2-26400-01,14:33.0,1508203-01-H,01:44.0
274,3BM-20001,TG120255002XSD,3BM2-26400-01,,ignition-gf1-bm-tag9-prod,tag9-,ACTA3,3BM2-26400-01,14:42.2,1508203-01-H,05:08.0
275,3BM-20001,TG120255002YC7,3BM2-26400-01,,ignition-gf1-bm-tag8-prod,tag8-,ACTA2,3BM2-26400-01,14:43.8,1508202-01-H,13:27.0
276,3BM-20001,TG120255002XYY,3BM2-26400-01,,ignition-gf1-bm-tag9-prod,tag9-,ACTA3,3BM2-26400-01,14:53.6,1508202-01-H,07:41.0
277,3BM-20001,TG120255002XA3,3BM2-26400-01,,ignition-gf1-bm-tag8-prod,tag8-,ACTA2,3BM2-26400-01,15:01.9,1508203-01-H,57:21.0
278,3BM-20001,TG120255002Y9X,3BM2-26400-01,,ignition-gf1-bm-tag9-prod,tag9-,ACTA3,3BM2-26400-01,15:06.5,1508203-01-H,12:29.0
279,3BM-20001,TG120255002Y6S,3BM2-26400-01,,ignition-gf1-bm-tag8-prod,tag8-,ACTA2,3BM2-26400-01,15:12.1,1508204-01-H,11:13.0
280,3BM-20001,TG120255002XTW,3BM2-26400-01,,ignition-gf1-bm-tag8-prod,tag8-,ACTA2,3BM2-26400-01,15:22.9,1508203-01-H,05:46.0
281,3BM-20001,TG120255002Y71,3BM2-26400-01,,ignition-gf1-bm-tag8-prod,tag8-,ACTA2,3BM2-26400-01,15:33.5,1508202-01-H,11:19.0
282,3BM-20001,TG120255002YLB,3BM2-26400-01,,ignition-gf1-bm-tag8-prod,tag8-,ACTA2,3BM2-26400-01,15:53.8,1508203-01-H,17:06.0
283,3BM-20001,TG120255002Y3N,3BM2-26400-01,,ignition-gf1-bm-tag9-prod,tag9-,ACTA3,3BM2-26400-01,15:58.2,1508203-01-H,09:50.0
284,3BM-20001,TG120255002YAL,3BM2-26400-01,,ignition-gf1-bm-tag9-prod,tag9-,ACTA3,3BM2-26400-01,16:09.3,1508202-01-H,12:52.0
285,3BM-20001,TG120255002XZD,3BM2-26400-01,,ignition-gf1-bm-tag8-prod,tag8-,ACTA2,3BM2-26400-01,16:19.0,1508203-01-H,07:51.0
286,3BM-20001,TG120255002WG0,3BM2-26400-01,,ignition-gf1-bm-tag9-prod,tag9-,ACTA3,3BM2-26400-01,16:20.7,1508203-01-H,43:12.0
287,3BM-20001,TG120255002Y2N,3BM2-26400-01,,ignition-gf1-bm-tag8-prod,tag8-,ACTA2,3BM2-26400-01,16:29.7,1508202-01-H,09:20.0
288,3BM-20001,TG120255002YSA,3BM2-26400-01,,ignition-gf1-bm-tag9-prod,tag9-,ACTA3,3BM2-26400-01,16:31.7,1508204-01-H,19:21.0
289,3BM-20001,TG120255002Y6T,3BM2-26400-01,,ignition-gf1-bm-tag9-prod,tag9-,ACTA3,3BM2-26400-01,16:42.3,1508203-01-H,11:14.0
290,3BM-20001,TG120255002PCD,3BM2-26400-01,,ignition-gf1-bm-tag9-prod,tag9-,ACTA3,3BM2-26400-01,16:53.8,1508202-01-H,35:29.0
291,3BM-20001,TG120255002XCS,3BM2-26400-01,,ignition-gf1-bm-tag8-prod,tag8-,ACTA2,3BM2-26400-01,16:57.8,1508203-01-H,58:44.0
292,3BM-20001,TG120255002WNF,3BM2-26400-01,,ignition-gf1-bm-tag9-prod,tag9-,ACTA3,3BM2-26400-01,17:06.5,1508203-01-H,46:22.0
293,3BM-20001,TG120255002YNJ,3BM2-26400-01,,ignition-gf1-bm-tag8-prod,tag8-,ACTA2,3BM2-26400-01,17:08.0,1508204-01-H,18:03.0
294,3BM-20001,TG120255002Y32,3BM2-26400-01,,ignition-gf1-bm-tag8-prod,tag8-,ACTA2,3BM2-26400-01,17:18.7,1508203-01-H,09:29.0
295,3BM-20001,TG120255002Y8E,3BM2-26400-01,,ignition-gf1-bm-tag9-prod,tag9-,ACTA3,3BM2-26400-01,17:19.3,1508203-01-H,11:56.0
296,3BM-20001,TG120255002X7M,3BM2-26400-01,,ignition-gf1-bm-tag8-prod,tag8-,ACTA2,3BM2-26400-01,17:28.9,1508202-01-H,56:08.0
297,3BM-20001,TG120255002YZ4,3BM2-26400-01,,ignition-gf1-bm-tag9-prod,tag9-,ACTA3,3BM2-26400-01,17:32.1,1508202-01-H,22:16.0
298,3BM-20001,TG120255002XG5,3BM2-26400-01,,ignition-gf1-bm-tag8-prod,tag8-,ACTA2,3BM2-26400-01,17:41.4,1508203-01-H,00:41.0
299,3BM-20001,TG120255002YS4,3BM2-26400-01,,ignition-gf1-bm-tag9-prod,tag9-,ACTA3,3BM2-26400-01,17:44.8,1508203-01-H,19:18.0
300,3BM-20001,TG120255002X3C,3BM2-26400-01,,ignition-gf1-bm-tag9-prod,tag9-,ACTA3,3BM2-26400-01,17:58.9,1508204-01-H,53:32.0
301,3BM-20001,TG120255002XZJ,3BM2-26400-01,,ignition-gf1-bm-tag9-prod,tag9-,ACTA3,3BM2-26400-01,18:25.0,1508203-01-H,07:57.0
302,3BM-20001,TG120255002YRA,3BM2-26400-01,,ignition-gf1-bm-tag8-prod,tag8-,ACTA2,3BM2-26400-01,18:28.4,1508203-01-H,18:59.0
303,3BM-20001,TG120255002YPF,3BM2-26400-01,,ignition-gf1-bm-tag9-prod,tag9-,ACTA3,3BM2-26400-01,18:35.3,1508202-01-H,18:36.0
304,3BM-20001,TG120255002YDX,3BM2-26400-01,,ignition-gf1-bm-tag8-prod,tag8-,ACTA2,3BM2-26400-01,18:38.9,1508202-01-H,14:15.0
305,3BM-20001,TG120255002X5K,3BM2-26400-01,,ignition-gf1-bm-tag9-prod,tag9-,ACTA3,3BM2-26400-01,18:46.3,1508203-01-H,54:52.0
306,3BM-20001,TG120255002Y9M,3BM2-26400-01,,ignition-gf1-bm-tag8-prod,tag8-,ACTA2,3BM2-26400-01,18:59.1,1508203-01-H,12:21.0
307,3BM-20001,TG120255002Y39,3BM2-26400-01,,ignition-gf1-bm-tag9-prod,tag9-,ACTA3,3BM2-26400-01,19:06.8,1508203-01-H,09:36.0
308,3BM-20001,TG120255002XJH,3BM2-26400-01,,ignition-gf1-bm-tag8-prod,tag8-,ACTA2,3BM2-26400-01,19:08.6,1508204-01-H,01:51.0
309,3BM-20001,TG120255002Y5W,3BM2-26400-01,,ignition-gf1-bm-tag9-prod,tag9-,ACTA3,3BM2-26400-01,19:17.3,1508202-01-H,10:55.0
310,3BM-20001,TG120255002XWT,3BM2-26400-01,,ignition-gf1-bm-tag8-prod,tag8-,ACTA2,3BM2-26400-01,19:19.3,1508203-01-H,06:37.0
311,3BM-20001,TG120255002XEK,3BM2-26400-01,,ignition-gf1-bm-tag8-prod,tag8-,ACTA2,3BM2-26400-01,19:29.5,1508202-01-H,59:47.0
312,3BM-20001,TG120255002YS5,3BM2-26400-01,,ignition-gf1-bm-tag9-prod,tag9-,ACTA3,3BM2-26400-01,19:35.9,1508203-01-H,19:19.0
313,3BM-20001,TG120255002XKP,3BM2-26400-01,,ignition-gf1-bm-tag8-prod,tag8-,ACTA2,3BM2-26400-01,19:48.4,1508203-01-H,02:38.0
314,3BM-20001,TG120255002WLF,3BM2-26400-01,,ignition-gf1-bm-tag9-prod,tag9-,ACTA3,3BM2-26400-01,19:49.5,1508204-01-H,45:26.0
315,3BM-20001,TG120255002Y6V,3BM2-26400-01,,ignition-gf1-bm-tag9-prod,tag9-,ACTA3,3BM2-26400-01,20:00.5,1508203-01-H,11:14.0
316,3BM-20001,TG120255002SAN,3BM2-26400-01,,ignition-gf1-bm-tag9-prod,tag9-,ACTA3,3BM2-26400-01,20:11.0,1508202-01-H,56:52.0
317,3BM-20001,TG120255002YWB,3BM2-26400-01,,ignition-gf1-bm-tag8-prod,tag8-,ACTA2,3BM2-26400-01,20:14.7,1508203-01-H,20:58.0
318,3BM-20001,TG120255002XBD,3BM2-26400-01,,ignition-gf1-bm-tag9-prod,tag9-,ACTA3,3BM2-26400-01,20:22.1,1508203-01-H,57:51.0
319,3BM-20001,TG120255002YLX,3BM2-26400-01,,ignition-gf1-bm-tag8-prod,tag8-,ACTA2,3BM2-26400-01,20:25.3,1508202-01-H,17:22.0
320,3BM-20001,TG120255002YXD,3BM2-26400-01,,ignition-gf1-bm-tag9-prod,tag9-,ACTA3,3BM2-26400-01,20:47.7,1508203-01-H,21:33.0
321,3BM-20001,TG120255002Y4P,3BM2-26400-01,,ignition-gf1-bm-tag8-prod,tag8-,ACTA2,3BM2-26400-01,20:57.5,1508203-01-H,10:24.0
322,3BM-20001,TG120255002WJK,3BM2-26400-01,,ignition-gf1-bm-tag8-prod,tag8-,ACTA2,3BM2-26400-01,21:07.7,1508204-01-H,44:25.0
323,3BM-20001,TG120255002YX5,3BM2-26400-01,,ignition-gf1-bm-tag9-prod,tag9-,ACTA3,3BM2-26400-01,21:12.0,1508202-01-H,21:26.0
324,3BM-20001,TG120255002YXM,3BM2-26400-01,,ignition-gf1-bm-tag8-prod,tag8-,ACTA2,3BM2-26400-01,21:18.4,1508203-01-H,21:39.0
325,3BM-20001,TG120255002YYG,3BM2-26400-01,,ignition-gf1-bm-tag9-prod,tag9-,ACTA3,3BM2-26400-01,21:23.6,1508203-01-H,21:58.0
326,3BM-20001,TG120255002XKS,3BM2-26400-01,,ignition-gf1-bm-tag8-prod,tag8-,ACTA2,3BM2-26400-01,21:28.5,1508202-01-H,02:42.0
327,3BM-20001,TG120255002XE3,3BM2-26400-01,,ignition-gf1-bm-tag9-prod,tag9-,ACTA3,3BM2-26400-01,21:38.6,1508204-01-H,59:29.0
328,3BM-20001,TG120255002Y8L,3BM2-26400-01,,ignition-gf1-bm-tag9-prod,tag9-,ACTA3,3BM2-26400-01,21:49.6,1508203-01-H,12:03.0
329,3BM-20001,TG120255002XR7,3BM2-26400-01,,ignition-gf1-bm-tag8-prod,tag8-,ACTA2,3BM2-26400-01,22:04.2,1508203-01-H,04:35.0
330,3BM-20001,TG120255002SJ1,3BM2-26400-01,,ignition-gf1-bm-tag9-prod,tag9-,ACTA3,3BM2-26400-01,22:05.2,1508202-01-H,00:11.0
331,3BM-20001,TG120255002XE4,3BM2-26400-01,,ignition-gf1-bm-tag9-prod,tag9-,ACTA3,3BM2-26400-01,22:16.3,1508203-01-H,59:30.0
332,3BM-20001,TG120255002Y7P,3BM2-26400-01,,ignition-gf1-bm-tag8-prod,tag8-,ACTA2,3BM2-26400-01,22:37.0,1508203-01-H,11:34.0
333,3BM-20001,TG120255002YPB,3BM2-26400-01,,ignition-gf1-bm-tag9-prod,tag9-,ACTA3,3BM2-26400-01,22:41.6,1508203-01-H,18:32.0
334,3BM-20001,TG120255002YZE,3BM2-26400-01,,ignition-gf1-bm-tag8-prod,tag8-,ACTA2,3BM2-26400-01,22:47.5,1508202-01-H,22:24.0
335,3BM-20001,TG120255002ZR5,3BM2-26400-01,,ignition-gf1-bm-tag9-prod,tag9-,ACTA3,3BM2-26400-01,23:13.0,1508202-01-H,34:01.0
336,3BM-20001,TG120255002Z2J,3BM2-26400-01,,ignition-gf1-bm-tag9-prod,tag9-,ACTA3,3BM2-26400-01,23:24.6,1508203-01-H,23:51.0
337,3BM-20001,TG120255002YEA,3BM2-26400-01,,ignition-gf1-bm-tag8-prod,tag8-,ACTA2,3BM2-26400-01,23:25.7,1508203-01-H,14:26.0
338,3BM-20001,TG120255002X35,3BM2-26400-01,,ignition-gf1-bm-tag8-prod,tag8-,ACTA2,3BM2-26400-01,23:36.0,1508204-01-H,53:24.0
339,3BM-20001,TG120255002XKM,3BM2-26400-01,,ignition-gf1-bm-tag9-prod,tag9-,ACTA3,3BM2-26400-01,23:39.4,1508204-01-H,02:38.0
340,3BM-20001,TG120255002XZV,3BM2-26400-01,,ignition-gf1-bm-tag8-prod,tag8-,ACTA2,3BM2-26400-01,23:46.6,1508203-01-H,08:08.0
341,3BM-20001,TG120255002YW6,3BM2-26400-01,,ignition-gf1-bm-tag9-prod,tag9-,ACTA3,3BM2-26400-01,23:50.5,1508203-01-H,20:54.0
342,3BM-20001,TG120255002YW0,3BM2-26400-01,,ignition-gf1-bm-tag8-prod,tag8-,ACTA2,3BM2-26400-01,23:56.8,1508202-01-H,20:46.0
343,3BM-20001,TG120255002TBW,3BM2-26400-01,,ignition-gf1-bm-tag9-prod,tag9-,ACTA3,3BM2-26400-01,24:09.9,1508202-01-H,13:31.0
344,3BM-20001,TG120255002Y0S,3BM2-26400-01,,ignition-gf1-bm-tag8-prod,tag8-,ACTA2,3BM2-26400-01,24:14.2,1508203-01-H,08:31.0
345,3BM-20001,TG120255002ZWX,3BM2-26400-01,,ignition-gf1-bm-tag9-prod,tag9-,ACTA3,3BM2-26400-01,24:20.9,1508203-01-H,36:18.0
346,3BM-20001,TG120255002XTP,3BM2-26400-01,,ignition-gf1-bm-tag8-prod,tag8-,ACTA2,3BM2-26400-01,24:38.9,1508203-01-H,05:42.0
347,3BM-20001,TG120255002Z2E,3BM2-26400-01,,ignition-gf1-bm-tag9-prod,tag9-,ACTA3,3BM2-26400-01,24:47.6,1508203-01-H,23:49.0
348,3BM-20001,TG120255002YJ8,3BM2-26400-01,,ignition-gf1-bm-tag8-prod,tag8-,ACTA2,3BM2-26400-01,24:49.1,1508202-01-H,16:06.0
349,3BM-20001,TG120255002ZPT,3BM2-26400-01,,ignition-gf1-bm-tag9-prod,tag9-,ACTA3,3BM2-26400-01,24:58.4,1508202-01-H,33:49.0
350,3BM-20001,TG120255002Y9W,3BM2-26400-01,,ignition-gf1-bm-tag8-prod,tag8-,ACTA2,3BM2-26400-01,25:08.9,1508203-01-H,12:29.0
351,3BM-20001,TG120255002XHW,3BM2-26400-01,,ignition-gf1-bm-tag8-prod,tag8-,ACTA2,3BM2-26400-01,25:19.1,1508204-01-H,01:40.0
352,3BM-20001,TG120255002Z48,3BM2-26400-01,,ignition-gf1-bm-tag9-prod,tag9-,ACTA3,3BM2-26400-01,25:21.1,1508203-01-H,24:45.0
353,3BM-20001,TG120255002YG8,3BM2-26400-01,,ignition-gf1-bm-tag8-prod,tag8-,ACTA2,3BM2-26400-01,25:29.7,1508203-01-H,15:17.0
354,3BM-20001,TG120255002YW4,3BM2-26400-01,,ignition-gf1-bm-tag9-prod,tag9-,ACTA3,3BM2-26400-01,25:31.7,1508204-01-H,20:51.0
355,3BM-20001,TG120255002Z4X,3BM2-26400-01,,ignition-gf1-bm-tag8-prod,tag8-,ACTA2,3BM2-26400-01,25:39.7,1508202-01-H,25:03.0
356,3BM-20001,TG120255002Z4D,3BM2-26400-01,,ignition-gf1-bm-tag9-prod,tag9-,ACTA3,3BM2-26400-01,25:42.7,1508203-01-H,24:50.0
357,3BM-20001,TG120255002VDK,3BM2-26400-01,,ignition-gf1-bm-tag9-prod,tag9-,ACTA3,3BM2-26400-01,25:53.3,1508202-01-H,32:49.0
358,3BM-20001,TG120255002Z60,3BM2-26400-01,,ignition-gf1-bm-tag8-prod,tag8-,ACTA2,3BM2-26400-01,26:04.0,1508203-01-H,25:34.0
359,3BM-20001,TG12025500309X,3BM2-26400-01,,ignition-gf1-bm-tag9-prod,tag9-,ACTA3,3BM2-26400-01,26:04.2,1508203-01-H,42:21.0
360,3BM-20001,TG120255002XJF,3BM2-26400-01,,ignition-gf1-bm-tag9-prod,tag9-,ACTA3,3BM2-26400-01,26:27.3,1508203-01-H,01:51.0
361,3BM-20001,TG120255002ZR4,3BM2-26400-01,,ignition-gf1-bm-tag9-prod,tag9-,ACTA3,3BM2-26400-01,26:37.9,1508202-01-H,33:59.0
362,3BM-20001,TG120255002XZ0,3BM2-26400-01,,ignition-gf1-bm-tag8-prod,tag8-,ACTA2,3BM2-26400-01,26:41.7,1508203-01-H,07:42.0
363,3BM-20001,TG120255002YJJ,3BM2-26400-01,,ignition-gf1-bm-tag8-prod,tag8-,ACTA2,3BM2-26400-01,26:52.0,1508202-01-H,16:15.0
364,3BM-20001,TG120255002HBG,NMAMC-LINE-01,,ignition-gf1-bm-tag7-prod,tag7-,ACTA1,NMAMC-LINE-01,26:56.8,1508243-01-H,08:08.0
365,3BM-20001,TG120255002YDP,3BM2-26400-01,,ignition-gf1-bm-tag8-prod,tag8-,ACTA2,3BM2-26400-01,27:17.7,1508203-01-H,14:11.0
366,3BM-20001,TG120255002Y13,3BM2-26400-01,,ignition-gf1-bm-tag8-prod,tag8-,ACTA2,3BM2-26400-01,27:27.8,1508204-01-H,08:39.0
367,3BM-20001,TG120255002Z9D,3BM2-26400-01,,ignition-gf1-bm-tag8-prod,tag8-,ACTA2,3BM2-26400-01,27:38.3,1508203-01-H,27:11.0
368,3BM-20001,TG120255002Z5T,3BM2-26400-01,,ignition-gf1-bm-tag8-prod,tag8-,ACTA2,3BM2-26400-01,27:48.5,1508202-01-H,25:30.0
369,3BM-20001,TG120255002Y4L,3BM2-26400-01,,ignition-gf1-bm-tag8-prod,tag8-,ACTA2,3BM2-26400-01,28:06.3,1508203-01-H,10:20.0
370,3BM-20001,TG120255002ZT3,3BM2-26400-01,,ignition-gf1-bm-tag9-prod,tag9-,ACTA3,3BM2-26400-01,28:39.9,1508203-01-H,34:59.0
371,3BM-20001,TG120255002ZC8,3BM2-26400-01,,ignition-gf1-bm-tag8-prod,tag8-,ACTA2,3BM2-26400-01,28:43.6,1508203-01-H,28:35.0
372,3BM-20001,TG120255002Y2E,3BM2-26400-01,,ignition-gf1-bm-tag9-prod,tag9-,ACTA3,3BM2-26400-01,28:50.3,1508204-01-H,09:13.0
373,3BM-20001,TG120255002YBR,3BM2-26400-01,,ignition-gf1-bm-tag8-prod,tag8-,ACTA2,3BM2-26400-01,28:53.8,1508202-01-H,13:19.0
374,3BM-20001,TG120255002XLB,3BM2-26400-01,,ignition-gf1-bm-tag9-prod,tag9-,ACTA3,3BM2-26400-01,29:01.7,1508203-01-H,02:57.0
375,3BM-20001,TG120255002WSC,3BM2-26400-01,,ignition-gf1-bm-tag9-prod,tag9-,ACTA3,3BM2-26400-01,29:11.8,1508202-01-H,48:02.0
376,3BM-20001,TG120255002YEB,3BM2-26400-01,,ignition-gf1-bm-tag8-prod,tag8-,ACTA2,3BM2-26400-01,29:15.3,1508203-01-H,14:26.0
377,3BM-20001,TG120255002ZTH,3BM2-26400-01,,ignition-gf1-bm-tag9-prod,tag9-,ACTA3,3BM2-26400-01,29:22.8,1508203-01-H,35:11.0
378,3BM-20001,TG120255002Z4J,3BM2-26400-01,,ignition-gf1-bm-tag8-prod,tag8-,ACTA2,3BM2-26400-01,29:25.4,1508204-01-H,24:52.0
379,3BM-20001,TG120255002Z7K,3BM2-26400-01,,ignition-gf1-bm-tag8-prod,tag8-,ACTA2,3BM2-26400-01,29:36.1,1508203-01-H,26:19.0
380,3BM-20001,TG1202550030DF,3BM2-26400-01,,ignition-gf1-bm-tag9-prod,tag9-,ACTA3,3BM2-26400-01,29:38.0,1508203-01-H,44:19.0
381,3BM-20001,TG120255002ZKH,3BM2-26400-01,,ignition-gf1-bm-tag8-prod,tag8-,ACTA2,3BM2-26400-01,29:46.6,1508202-01-H,31:52.0
382,3BM-20001,TG1202550030BV,3BM2-26400-01,,ignition-gf1-bm-tag9-prod,tag9-,ACTA3,3BM2-26400-01,29:48.5,1508202-01-H,43:18.0
383,3BM-20001,TG120255002WVX,NMAMC-LINE-02,,ignition-gf1-bm-tag8-prod,tag8-,ACTA2,NMAMC-LINE-02,29:51.8,1508203-01-H,49:31.0
384,3BM-20001,TG120255002XME,3BM2-26400-01,,ignition-gf1-bm-tag9-prod,tag9-,ACTA3,3BM2-26400-01,30:00.8,1508203-01-H,03:23.0
385,3BM-20001,TG120255002NCA,3BM2-26400-01,,ignition-gf1-bm-tag9-prod,tag9-,ACTA3,3BM2-26400-01,30:13.5,1508204-01-H,21:09.0
386,3BM-20001,TG120255002ZTF,3BM2-26400-01,,ignition-gf1-bm-tag9-prod,tag9-,ACTA3,3BM2-26400-01,30:26.4,1508203-01-H,35:09.0
387,3BM-20001,TG120255002Y9C,3BM2-26400-01,,ignition-gf1-bm-tag8-prod,tag8-,ACTA2,3BM2-26400-01,30:27.9,1508203-01-H,12:17.0
388,3BM-20001,TG12025500306D,3BM2-26400-01,,ignition-gf1-bm-tag9-prod,tag9-,ACTA3,3BM2-26400-01,30:41.9,1508202-01-H,40:25.0
389,3BM-20001,TG12025500307S,3BM2-26400-01,,ignition-gf1-bm-tag9-prod,tag9-,ACTA3,3BM2-26400-01,30:52.9,1508203-01-H,41:08.0
390,3BM-20001,TG120255002Z99,3BM2-26400-01,,ignition-gf1-bm-tag8-prod,tag8-,ACTA2,3BM2-26400-01,31:06.1,1508203-01-H,27:07.0
391,3BM-20001,TG120255002XRZ,3BM2-26400-01,,ignition-gf1-bm-tag9-prod,tag9-,ACTA3,3BM2-26400-01,31:08.6,1508203-01-H,04:58.0
392,3BM-20001,TG120255002ZE7,3BM2-26400-01,,ignition-gf1-bm-tag8-prod,tag8-,ACTA2,3BM2-26400-01,31:16.3,1508202-01-H,29:24.0
393,3BM-20001,TG1202550030FW,3BM2-26400-01,,ignition-gf1-bm-tag9-prod,tag9-,ACTA3,3BM2-26400-01,31:19.0,1508202-01-H,45:46.0
394,3BM-20001,TG120255002YJZ,3BM2-26400-01,,ignition-gf1-bm-tag8-prod,tag8-,ACTA2,3BM2-26400-01,31:36.8,1508203-01-H,16:23.0
395,3BM-20001,TG120255002Y2H,3BM2-26400-01,,ignition-gf1-bm-tag8-prod,tag8-,ACTA2,3BM2-26400-01,31:47.1,1508204-01-H,09:17.0
396,3BM-20001,TG120255002ZCS,3BM2-26400-01,,ignition-gf1-bm-tag8-prod,tag8-,ACTA2,3BM2-26400-01,31:57.6,1508203-01-H,28:45.0
397,3BM-20001,TG1202550030D0,3BM2-26400-01,,ignition-gf1-bm-tag9-prod,tag9-,ACTA3,3BM2-26400-01,32:00.8,1508203-01-H,44:07.0
398,3BM-20001,TG120255002YV3,3BM2-26400-01,,ignition-gf1-bm-tag8-prod,tag8-,ACTA2,3BM2-26400-01,32:07.9,1508202-01-H,20:16.0
399,3BM-20001,TG120255002P6P,3BM2-26400-01,,ignition-gf1-bm-tag9-prod,tag9-,ACTA3,3BM2-26400-01,32:11.8,1508204-01-H,33:16.0
400,3BM-20001,TG1202550030LB,3BM2-26400-01,,ignition-gf1-bm-tag9-prod,tag9-,ACTA3,3BM2-26400-01,32:22.8,1508203-01-H,48:15.0
401,3BM-20001,TG1202550030D1,3BM2-26400-01,,ignition-gf1-bm-tag9-prod,tag9-,ACTA3,3BM2-26400-01,32:41.0,1508202-01-H,44:08.0
402,3BM-20001,TG120255002YNT,3BM2-26400-01,,ignition-gf1-bm-tag8-prod,tag8-,ACTA2,3BM2-26400-01,32:45.3,1508203-01-H,18:20.0
403,3BM-20001,TG120255002Z2A,3BM2-26400-01,,ignition-gf1-bm-tag8-prod,tag8-,ACTA2,3BM2-26400-01,33:15.2,1508203-01-H,23:45.0
404,3BM-20001,TG120255002YSK,3BM2-26400-01,,ignition-gf1-bm-tag8-prod,tag8-,ACTA2,3BM2-26400-01,33:25.5,1508202-01-H,19:32.0
405,3BM-20001,TG1202550030EL,3BM2-26400-01,,ignition-gf1-bm-tag9-prod,tag9-,ACTA3,3BM2-26400-01,33:40.0,1508203-01-H,44:56.0
406,3BM-20001,TG120255002ZLN,3BM2-26400-01,,ignition-gf1-bm-tag8-prod,tag8-,ACTA2,3BM2-26400-01,33:51.1,1508203-01-H,32:18.0
407,3BM-20001,TG120255002ZGJ,3BM2-26400-01,,ignition-gf1-bm-tag8-prod,tag8-,ACTA2,3BM2-26400-01,34:01.3,1508204-01-H,30:29.0
408,3BM-20001,TG120255002XXD,3BM2-26400-01,,ignition-gf1-bm-tag9-prod,tag9-,ACTA3,3BM2-26400-01,34:01.7,1508203-01-H,06:52.0
409,3BM-20001,TG120255002YTF,3BM2-26400-01,,ignition-gf1-bm-tag8-prod,tag8-,ACTA2,3BM2-26400-01,34:12.0,1508203-01-H,19:58.0
410,3BM-20001,TG1202550030MZ,3BM2-26400-01,,ignition-gf1-bm-tag9-prod,tag9-,ACTA3,3BM2-26400-01,34:12.2,1508202-01-H,49:02.0
411,3BM-20001,TG120255002YYX,3BM2-26400-01,,ignition-gf1-bm-tag8-prod,tag8-,ACTA2,3BM2-26400-01,34:22.8,1508202-01-H,22:10.0
412,3BM-20001,TG120255002ZJB,3BM2-26400-01,,ignition-gf1-bm-tag8-prod,tag8-,ACTA2,3BM2-26400-01,35:27.1,1508203-01-H,31:18.0
413,3BM-20001,TG1202550022A1,NMAMC-LINE-01,,ignition-gf1-bm-tag7-prod,tag7-,ACTA1,NMAMC-LINE-01,35:49.4,1508243-01-H,53:55.0
414,3BM-20001,TG120255002NJS,NMAMC-LINE-01,,ignition-gf1-bm-tag7-prod,tag7-,ACTA1,NMAMC-LINE-01,35:50.5,1508243-01-H,24:07.0
415,3BM-20001,TG120255002M12,NMAMC-LINE-01,,ignition-gf1-bm-tag7-prod,tag7-,ACTA1,NMAMC-LINE-01,35:51.2,1508244-01-H,02:01.0
416,3BM-20001,TG120255002VD6,NMAMC-LINE-01,,ignition-gf1-bm-tag7-prod,tag7-,ACTA1,NMAMC-LINE-01,35:52.0,1508243-01-H,32:32.0
417,3BM-20001,TG120255002KVH,NMAMC-LINE-01,,ignition-gf1-bm-tag7-prod,tag7-,ACTA1,NMAMC-LINE-01,35:52.7,1508242-01-H,44:59.0
418,3BM-20001,TG120255002P2T,NMAMC-LINE-01,,ignition-gf1-bm-tag7-prod,tag7-,ACTA1,NMAMC-LINE-01,35:53.2,1508243-01-H,31:27.0
419,3BM-20001,TG120255002YXN,3BM2-26400-01,,ignition-gf1-bm-tag8-prod,tag8-,ACTA2,3BM2-26400-01,35:55.5,1508203-01-H,21:40.0
420,3BM-20001,TG120255002Z7W,3BM2-26400-01,,ignition-gf1-bm-tag8-prod,tag8-,ACTA2,3BM2-26400-01,36:05.8,1508202-01-H,26:30.0
421,3BM-20001,TG120255002MGN,NMAMC-LINE-01,,ignition-gf1-bm-tag7-prod,tag7-,ACTA1,NMAMC-LINE-01,36:10.2,1508242-01-H,09:04.0
422,3BM-20001,TG120255002YLW,3BM2-26400-01,,ignition-gf1-bm-tag8-prod,tag8-,ACTA2,3BM2-26400-01,36:38.7,1508203-01-H,17:21.0
423,3BM-20001,TG120255002YJF,3BM2-26400-01,,ignition-gf1-bm-tag8-prod,tag8-,ACTA2,3BM2-26400-01,36:48.5,1508204-01-H,16:12.0
424,3BM-20001,TG120255002ZVB,3BM2-26400-01,,ignition-gf1-bm-tag8-prod,tag8-,ACTA2,3BM2-26400-01,36:59.2,1508203-01-H,35:28.0
425,3BM-20001,TG120255002ZTB,3BM2-26400-01,,ignition-gf1-bm-tag8-prod,tag8-,ACTA2,3BM2-26400-01,37:09.9,1508202-01-H,35:05.0
426,3BM-20001,TG120255002ZN1,3BM2-26400-01,,ignition-gf1-bm-tag8-prod,tag8-,ACTA2,3BM2-26400-01,37:24.8,1508203-01-H,32:55.0
427,3BM-20001,TG120255002V7Z,NMAMC-LINE-01,,ignition-gf1-bm-tag7-prod,tag7-,ACTA1,NMAMC-LINE-01,37:28.7,1508243-01-H,29:38.0
428,3BM-20001,TG120255002FBM,NMAMC-LINE-01,,ignition-gf1-bm-tag7-prod,tag7-,ACTA1,NMAMC-LINE-01,37:29.5,1508242-01-H,40:07.0
429,3BM-20001,TG120255002N76,NMAMC-LINE-01,,ignition-gf1-bm-tag7-prod,tag7-,ACTA1,NMAMC-LINE-01,37:30.1,1508243-01-H,18:45.0
430,3BM-20001,TG120255002MBR,NMAMC-LINE-01,,ignition-gf1-bm-tag7-prod,tag7-,ACTA1,NMAMC-LINE-01,37:30.6,1508244-01-H,07:02.0
431,3BM-20001,TG120255002N8J,NMAMC-LINE-01,,ignition-gf1-bm-tag7-prod,tag7-,ACTA1,NMAMC-LINE-01,37:31.2,1508243-01-H,19:27.0
432,3BM-20001,TG120255002K65,NMAMC-LINE-01,,ignition-gf1-bm-tag7-prod,tag7-,ACTA1,NMAMC-LINE-01,37:31.8,1508242-01-H,35:37.0
433,3BM-20001,TG120255002MMX,NMAMC-LINE-01,,ignition-gf1-bm-tag7-prod,tag7-,ACTA1,NMAMC-LINE-01,37:32.4,1508243-01-H,11:19.0
434,3BM-20001,TG120255002ZWG,3BM2-26400-01,,ignition-gf1-bm-tag8-prod,tag8-,ACTA2,3BM2-26400-01,37:56.4,1508203-01-H,36:10.0
435,3BM-20001,TG120255002Z8W,3BM2-26400-01,,ignition-gf1-bm-tag8-prod,tag8-,ACTA2,3BM2-26400-01,38:06.6,1508202-01-H,26:58.0
436,3BM-20001,TG120255002Z1G,3BM2-26400-01,,ignition-gf1-bm-tag8-prod,tag8-,ACTA2,3BM2-26400-01,38:25.9,1508203-01-H,23:19.0
437,3BM-20001,TG120255002Y76,3BM2-26400-01,,ignition-gf1-bm-tag8-prod,tag8-,ACTA2,3BM2-26400-01,38:36.3,1508204-01-H,11:22.0
438,3BM-20001,TG120255002P7L,NMAMC-LINE-01,,ignition-gf1-bm-tag7-prod,tag7-,ACTA1,NMAMC-LINE-01,38:51.1,1508243-01-H,33:42.0
439,3BM-20001,TG120255002KER,NMAMC-LINE-01,,ignition-gf1-bm-tag7-prod,tag7-,ACTA1,NMAMC-LINE-01,38:52.9,1508242-01-H,39:15.0
440,3BM-20001,TG120255002PBX,NMAMC-LINE-01,,ignition-gf1-bm-tag7-prod,tag7-,ACTA1,NMAMC-LINE-01,38:53.6,1508243-01-H,35:13.0
441,3BM-20001,TG120255002NDH,NMAMC-LINE-01,,ignition-gf1-bm-tag7-prod,tag7-,ACTA1,NMAMC-LINE-01,39:00.1,1508244-01-H,21:43.0
442,3BM-20001,TG120255002PEV,NMAMC-LINE-01,,ignition-gf1-bm-tag7-prod,tag7-,ACTA1,NMAMC-LINE-01,39:03.1,1508243-01-H,36:35.0
443,3BM-20001,TG120255002KL8,NMAMC-LINE-01,,ignition-gf1-bm-tag7-prod,tag7-,ACTA1,NMAMC-LINE-01,39:17.3,1508242-01-H,41:48.0
444,3BM-20001,TG120255002P4L,NMAMC-LINE-01,,ignition-gf1-bm-tag7-prod,tag7-,ACTA1,NMAMC-LINE-01,39:18.6,1508243-01-H,32:12.0
445,3BM-20001,TG120255002YBK,3BM2-26400-01,,ignition-gf1-bm-tag8-prod,tag8-,ACTA2,3BM2-26400-01,42:18.2,1508203-01-H,13:16.0
446,3BM-20001,TG120255002ZYB,3BM2-26400-01,,ignition-gf1-bm-tag8-prod,tag8-,ACTA2,3BM2-26400-01,42:28.6,1508202-01-H,36:52.0
447,3BM-20001,TG1202550030F9,3BM2-26400-01,,ignition-gf1-bm-tag8-prod,tag8-,ACTA2,3BM2-26400-01,42:48.2,1508203-01-H,45:26.0
448,3BM-29500,TG120255002ZCG,3BM3-29500-01,LINE3,ignition-gf1-bm-tag12-prod,tag12,,3BM3-29500-01,43:26.6,1093905-01-H,28:39.0
449,3BM-29500,TG120255002ZBE,3BM1-29500-01,LINE1,ignition-gf1-bm-tag12-prod,tag12,,3BM1-29500-01,44:17.8,1091594-01-H,28:07.0
450,3BM-29500,TG120255002XY8,3BM2-29500-01,LINE2,ignition-gf1-bm-tag12-prod,tag12,,3BM2-29500-01,44:28.2,1093906-01-H,07:23.0
451,3BM-29500,TG120255002WYG,3BM1-29500-01,LINE1,ignition-gf1-bm-tag12-prod,tag12,,3BM1-29500-01,45:47.6,1091594-01-H,50:44.0
452,3BM-29500,TG120255002ZZG,3BM3-29500-01,LINE3,ignition-gf1-bm-tag12-prod,tag12,,3BM3-29500-01,46:03.9,1093905-01-H,37:17.0
453,3BM-29500,TG120255002ZKX,3BM1-29500-01,LINE1,ignition-gf1-bm-tag12-prod,tag12,,3BM1-29500-01,47:17.6,1091594-01-H,32:02.0
454,3BM-29500,TG120255002XYH,3BM2-29500-01,LINE2,ignition-gf1-bm-tag12-prod,tag12,,3BM2-29500-01,47:18.7,1093906-01-H,07:25.0
455,3BM-29500,TG120255002Z2L,3BM2-29500-01,LINE2,ignition-gf1-bm-tag12-prod,tag12,,3BM2-29500-01,48:38.4,1093906-01-H,23:54.0
456,3BM-29500,TG120255002ZKY,3BM1-29500-01,LINE1,ignition-gf1-bm-tag12-prod,tag12,,3BM1-29500-01,48:47.7,1091594-01-H,32:02.0
457,3BM-29500,TG120255002Z31,3BM2-29500-01,LINE2,ignition-gf1-bm-tag12-prod,tag12,,3BM2-29500-01,50:04.3,1093906-01-H,24:03.0
458,3BM-29500,TG120255002ZKV,3BM1-29500-01,LINE1,ignition-gf1-bm-tag12-prod,tag12,,3BM1-29500-01,50:17.3,1091594-01-H,32:02.0
459,3BM-29500,TG120255002ZCH,3BM3-29500-01,LINE3,ignition-gf1-bm-tag12-prod,tag12,,3BM3-29500-01,50:31.2,1093905-01-H,28:39.0
460,3BM-29500,TG120255002Z2G,3BM2-29500-01,LINE2,ignition-gf1-bm-tag12-prod,tag12,,3BM2-29500-01,51:23.9,1093906-01-H,23:49.0
461,3BM-29500,TG120255002ZKW,3BM1-29500-01,LINE1,ignition-gf1-bm-tag12-prod,tag12,,3BM1-29500-01,51:46.4,1091594-01-H,32:02.0
462,3BM-29500,TG120255002ZZH,3BM3-29500-01,LINE3,ignition-gf1-bm-tag12-prod,tag12,,3BM3-29500-01,52:20.4,1093905-01-H,37:17.0
463,3BM-29500,TG120255002WN0,3BM2-29500-01,LINE2,ignition-gf1-bm-tag12-prod,tag12,,3BM2-29500-01,52:42.9,1093906-01-H,46:13.0
464,3BM-29500,TG12025500305X,3BM3-29500-01,LINE3,ignition-gf1-bm-tag12-prod,tag12,,3BM3-29500-01,53:42.4,1093905-01-H,40:13.0
465,3BM-29500,TG1202550030BS,3BM1-29500-01,LINE1,ignition-gf1-bm-tag12-prod,tag12,,3BM1-29500-01,54:39.5,1091594-01-H,43:18.0
466,3BM-29500,TG12025500305V,3BM3-29500-01,LINE3,ignition-gf1-bm-tag12-prod,tag12,,3BM3-29500-01,55:04.3,1093905-01-H,40:13.0
467,3BM-29500,TG120255002ZK2,3BM2-29500-01,LINE2,ignition-gf1-bm-tag12-prod,tag12,,3BM2-29500-01,55:38.9,1093906-01-H,31:38.0
468,3BM-29500,TG120255003061,3BM3-29500-01,LINE3,ignition-gf1-bm-tag12-prod,tag12,,3BM3-29500-01,56:26.1,1093905-01-H,40:14.0
469,3BM-29500,TG120255002ZN2,3BM2-29500-01,LINE2,ignition-gf1-bm-tag12-prod,tag12,,3BM2-29500-01,56:59.8,1093906-01-H,32:55.0
470,3BM-29500,TG12025500305Z,3BM3-29500-01,LINE3,ignition-gf1-bm-tag12-prod,tag12,,3BM3-29500-01,57:48.0,1093905-01-H,40:14.0
471,3BM-29500,TG1202550030JF,3BM2-29500-01,LINE2,ignition-gf1-bm-tag12-prod,tag12,,3BM2-29500-01,58:55.7,1093906-01-H,47:12.0
472,3BM-29500,TG1202550030BM,3BM1-29500-01,LINE1,ignition-gf1-bm-tag12-prod,tag12,,3BM1-29500-01,58:57.5,1091594-01-H,43:17.0
473,3BM-29500,TG1202550030N6,3BM3-29500-01,LINE3,ignition-gf1-bm-tag12-prod,tag12,,3BM3-29500-01,59:10.3,1093905-01-H,49:07.0
474,3BM-29500,TG1202550030JG,3BM2-29500-01,LINE2,ignition-gf1-bm-tag12-prod,tag12,,3BM2-29500-01,00:36.6,1093906-01-H,47:12.0
475,3BM-29500,TG120255002ZL8,3BM1-29500-01,LINE1,NMAMC-LINE-01,,,3BM1-29500-01,02:10.0,1091594-01-H,32:04.0
476,3BM-29500,TG1202550030JL,3BM2-29500-01,LINE2,ignition-gf1-bm-tag12-prod,tag12,,3BM2-29500-01,02:19.1,1093906-01-H,47:15.0
477,3BM-29500,TG12025500305W,3BM3-29500-01,LINE3,ignition-gf1-bm-tag12-prod,tag12,,3BM3-29500-01,02:56.3,1093905-01-H,40:13.0
478,3BM-29500,TG1202550030BN,3BM1-29500-01,LINE1,ignition-gf1-bm-tag12-prod,tag12,,3BM1-29500-01,03:39.8,1091594-01-H,43:17.0
479,3BM-29500,TG1202550030JM,3BM2-29500-01,LINE2,ignition-gf1-bm-tag12-prod,tag12,,3BM2-29500-01,04:49.7,1093906-01-H,47:15.0
480,3BM-29500,TG1202550030BR,3BM1-29500-01,LINE1,ignition-gf1-bm-tag12-prod,tag12,,3BM1-29500-01,05:10.7,1091594-01-H,43:18.0
481,3BM-29500,TG120255003060,3BM3-29500-01,LINE3,ignition-gf1-bm-tag12-prod,tag12,,3BM3-29500-01,05:47.5,1093905-01-H,40:14.0
482,3BM-29500,TG1202550030S1,3BM2-29500-01,LINE2,ignition-gf1-bm-tag12-prod,tag12,,3BM2-29500-01,06:09.1,1093906-01-H,50:33.0
483,3BM-29500,TG120255002W9N,3BM1-29500-01,LINE1,ignition-gf1-bm-tag12-prod,tag12,,3BM1-29500-01,06:40.5,1091594-01-H,40:01.0
484,3BM-29500,TG1202550030SF,3BM2-29500-01,LINE2,ignition-gf1-bm-tag12-prod,tag12,,3BM2-29500-01,07:36.1,1093906-01-H,50:49.0
485,3BM-29500,TG1202550030NZ,3BM3-29500-01,LINE3,ignition-gf1-bm-tag12-prod,tag12,,3BM3-29500-01,07:41.9,1093905-01-H,49:29.0
486,3BM-29500,TG1202550030BW,3BM1-29500-01,LINE1,ignition-gf1-bm-tag12-prod,tag12,,3BM1-29500-01,08:10.3,1091594-01-H,43:18.0
487,3BM-29500,TG120255002ZZJ,3BM3-29500-01,LINE3,ignition-gf1-bm-tag12-prod,tag12,,3BM3-29500-01,09:03.7,1093905-01-H,37:17.0
488,3BM-29500,TG1202550030WM,3BM2-29500-01,LINE2,ignition-gf1-bm-tag12-prod,tag12,,3BM2-29500-01,09:20.7,1093906-01-H,52:55.0
489,3BM-29500,TG12025500305Y,3BM3-29500-01,LINE3,ignition-gf1-bm-tag12-prod,tag12,,3BM3-29500-01,10:25.6,1093905-01-H,40:13.0
490,3BM-29500,TG1202550030YE,3BM2-29500-01,LINE2,ignition-gf1-bm-tag12-prod,tag12,,3BM2-29500-01,11:03.9,1093906-01-H,54:06.0
491,3BM-29500,TG1202550030NX,3BM3-29500-01,LINE3,ignition-gf1-bm-tag12-prod,tag12,,3BM3-29500-01,11:47.1,1093905-01-H,49:29.0
492,3BM-29500,TG12025500318F,3BM1-29500-01,LINE1,ignition-gf1-bm-tag12-prod,tag12,,3BM1-29500-01,12:15.6,1091594-01-H,59:32.0
493,3BM-29500,TG1202550030NV,3BM3-29500-01,LINE3,ignition-gf1-bm-tag12-prod,tag12,,3BM3-29500-01,13:09.3,1093905-01-H,49:29.0
494,3BM-29500,TG12025500318H,3BM1-29500-01,LINE1,ignition-gf1-bm-tag12-prod,tag12,,3BM1-29500-01,13:45.2,1091594-01-H,59:32.0
495,3BM-29500,TG1202550030NY,3BM3-29500-01,LINE3,ignition-gf1-bm-tag12-prod,tag12,,3BM3-29500-01,14:31.3,1093905-01-H,49:29.0
496,3BM-29500,TG12025500318L,3BM1-29500-01,LINE1,ignition-gf1-bm-tag12-prod,tag12,,3BM1-29500-01,15:14.8,1091594-01-H,59:32.0
497,3BM-29500,TG120255003131,3BM2-29500-01,LINE2,ignition-gf1-bm-tag12-prod,tag12,,3BM2-29500-01,15:19.2,1093906-01-H,56:45.0
498,3BM-29500,TG1202550031MW,3BM3-29500-01,LINE3,ignition-gf1-bm-tag12-prod,tag12,,3BM3-29500-01,16:05.0,1093905-01-H,06:58.0
499,3BM-29500,TG12025500315R,3BM2-29500-01,LINE2,ignition-gf1-bm-tag12-prod,tag12,,3BM2-29500-01,17:01.0,1093906-01-H,58:14.0
500,3BM-29500,TG120255003197,3BM2-29500-01,LINE2,ignition-gf1-bm-tag12-prod,tag12,,3BM2-29500-01,18:26.9,1093906-01-H,59:46.0
501,3BM-29500,TG12025500318M,3BM1-29500-01,LINE1,ignition-gf1-bm-tag12-prod,tag12,,3BM1-29500-01,19:01.6,1091594-01-H,59:32.0
502,3BM-29500,TG1202550031BZ,3BM2-29500-01,LINE2,ignition-gf1-bm-tag12-prod,tag12,,3BM2-29500-01,19:47.5,1093906-01-H,01:08.0
503,3BM-29500,TG12025500318K,3BM1-29500-01,LINE1,ignition-gf1-bm-tag12-prod,tag12,,3BM1-29500-01,20:31.2,1091594-01-H,59:32.0
504,3BM-29500,TG1202550031EJ,3BM2-29500-01,LINE2,ignition-gf1-bm-tag12-prod,tag12,,3BM2-29500-01,21:10.8,1093906-01-H,02:38.0
505,3BM-29500,TG12025500318R,3BM1-29500-01,LINE1,ignition-gf1-bm-tag12-prod,tag12,,3BM1-29500-01,22:01.3,1091594-01-H,59:34.0
506,3BM-29500,TG1202550031K5,3BM2-29500-01,LINE2,ignition-gf1-bm-tag12-prod,tag12,,3BM2-29500-01,22:30.7,1093906-01-H,05:25.0
507,3BM-29500,TG1202550031MX,3BM3-29500-01,LINE3,ignition-gf1-bm-tag12-prod,tag12,,3BM3-29500-01,22:51.4,1093905-01-H,06:58.0
508,3BM-29500,TG12025500318T,3BM1-29500-01,LINE1,ignition-gf1-bm-tag12-prod,tag12,,3BM1-29500-01,23:31.0,1091594-01-H,59:34.0
509,3BM-29500,TG1202550031N0,3BM3-29500-01,LINE3,ignition-gf1-bm-tag12-prod,tag12,,3BM3-29500-01,24:35.1,1093905-01-H,06:58.0
510,3BM-29500,TG12025500318V,3BM1-29500-01,LINE1,ignition-gf1-bm-tag12-prod,tag12,,3BM1-29500-01,25:00.9,1091594-01-H,59:34.0
511,3BM-29500,TG1202550031MY,3BM3-29500-01,LINE3,ignition-gf1-bm-tag12-prod,tag12,,3BM3-29500-01,25:56.5,1093905-01-H,06:58.0
512,3BM-29500,TG12025500318S,3BM1-29500-01,LINE1,ignition-gf1-bm-tag12-prod,tag12,,3BM1-29500-01,26:30.3,1091594-01-H,59:34.0
513,3BM-29500,TG1202550031S8,3BM2-29500-01,LINE2,ignition-gf1-bm-tag12-prod,tag12,,3BM2-29500-01,26:43.6,1093906-01-H,08:51.0
514,3BM-29500,TG12025500318E,3BM1-29500-01,LINE1,ignition-gf1-bm-tag12-prod,tag12,,3BM1-29500-01,28:15.6,1091594-01-H,59:31.0
515,3BM-29500,TG1202550031TK,3BM2-29500-01,LINE2,ignition-gf1-bm-tag12-prod,tag12,,3BM2-29500-01,28:16.7,1093906-01-H,09:46.0
516,3BM-29500,TG1202550031N9,3BM2-29500-01,LINE2,ignition-gf1-bm-tag12-prod,tag12,,3BM2-29500-01,29:36.9,1093906-01-H,07:07.0
517,3BM-29500,TG12025500318G,3BM1-29500-01,LINE1,ignition-gf1-bm-tag12-prod,tag12,,3BM1-29500-01,29:45.4,1091594-01-H,59:32.0
518,3BM-29500,TG12025500327V,3BM2-29500-01,LINE2,ignition-gf1-bm-tag12-prod,tag12,,3BM2-29500-01,31:08.4,1093906-01-H,16:03.0
519,3BM-29500,TG1202550031R6,3BM1-29500-01,LINE1,ignition-gf1-bm-tag12-prod,tag12,,3BM1-29500-01,31:15.1,1091594-01-H,08:18.0
520,3BM-29500,TG1202550031R7,3BM1-29500-01,LINE1,ignition-gf1-bm-tag12-prod,tag12,,3BM1-29500-01,32:43.9,1091594-01-H,08:18.0
521,3BM-29500,TG12025500318W,3BM1-29500-01,LINE1,NMAMC-LINE-01,,,3BM1-29500-01,34:13.3,1091594-01-H,59:35.0
522,3BM-29500,TG1202550032B3,3BM2-29500-01,LINE2,ignition-gf1-bm-tag12-prod,tag12,,3BM2-29500-01,35:03.0,1093906-01-H,17:38.0
523,3BM-29500,TG1202550031RB,3BM1-29500-01,LINE1,ignition-gf1-bm-tag12-prod,tag12,,3BM1-29500-01,35:43.5,1091594-01-H,08:18.0
524,3BM-29500,TG1202550031RC,3BM1-29500-01,LINE1,ignition-gf1-bm-tag12-prod,tag12,,3BM1-29500-01,37:20.6,1091594-01-H,08:18.0
525,3BM-29500,TG1202550031R8,3BM1-29500-01,LINE1,ignition-gf1-bm-tag12-prod,tag12,,3BM1-29500-01,38:49.6,1091594-01-H,08:18.0
526,3BM-29500,TG1202550031RA,3BM1-29500-01,LINE1,ignition-gf1-bm-tag12-prod,tag12,,3BM1-29500-01,40:19.9,1091594-01-H,08:18.0
527,3BM-29500,TG1202550031DF,3BM3-29500-01,LINE3,ignition-gf1-bm-tag12-prod,tag12,,3BM3-29500-01,40:21.0,1093905-01-H,02:07.0
528,3BM-29500,TG1202550032E2,3BM2-29500-01,LINE2,ignition-gf1-bm-tag12-prod,tag12,,3BM2-29500-01,41:16.6,1093906-01-H,18:59.0
529,3BM-29500,TG1202550031MZ,3BM3-29500-01,LINE3,ignition-gf1-bm-tag12-prod,tag12,,3BM3-29500-01,41:38.6,1093905-01-H,06:58.0
530,3BM-29500,TG1202550031R5,3BM1-29500-01,LINE1,ignition-gf1-bm-tag12-prod,tag12,,3BM1-29500-01,41:49.3,1091594-01-H,08:17.0
531,3BM-29500,TG1202550032HF,3BM2-29500-01,LINE2,ignition-gf1-bm-tag12-prod,tag12,,3BM2-29500-01,42:37.9,1093906-01-H,20:46.0
532,3BM-40001,TG120255002EVS,3BM2-40001-01,LINE2,ignition-gf1-bm-tag2-prod,tag2-,,3BM2-40001-01,43:32.6,1093905-01-H,32:17.0
533,3BM-40001,TG120255002P8E,3BM1-40001-01,LINE1,ignition-gf1-bm-tag2-prod,tag2-,,3BM1-40001-01,44:18.2,1091594-01-H,33:58.0
534,3BM-40001,TG120255002N23,3BM3-40001-01,LINE3,ignition-gf1-bm-tag2-prod,tag2-,,3BM3-40001-01,44:28.6,1093906-01-H,16:35.0
535,3BM-40001,TG120255002BKE,3BM2-40001-01,LINE2,ignition-gf1-bm-tag2-prod,tag2-,,3BM2-40001-01,44:51.3,1093905-01-H,51:53.0
536,3BM-40001,TG120255002P0V,3BM3-40001-01,LINE3,ignition-gf1-bm-tag2-prod,tag2-,,3BM3-40001-01,45:18.1,1093906-01-H,30:42.0
537,3BM-40001,TG120255002STD,3BM2-40001-01,LINE2,ignition-gf1-bm-tag2-prod,tag2-,,3BM2-40001-01,45:51.5,1093905-01-H,04:07.0
538,3BM-40001,TG120255002P8F,3BM1-40001-01,LINE1,ignition-gf1-bm-tag2-prod,tag2-,,3BM1-40001-01,46:10.9,1091594-01-H,33:58.0
539,3BM-40001,TG120255002S1T,3BM3-40001-01,LINE3,ignition-gf1-bm-tag2-prod,tag2-,,3BM3-40001-01,46:31.2,1093905-01-H,52:48.0
540,3BM-40001,TG120255002STG,3BM2-40001-01,LINE2,ignition-gf1-bm-tag2-prod,tag2-,,3BM2-40001-01,47:16.5,1093905-01-H,04:08.0
541,3BM-40001,TG120255002S1V,3BM3-40001-01,LINE3,ignition-gf1-bm-tag2-prod,tag2-,,3BM3-40001-01,48:03.4,1093905-01-H,52:49.0
542,3BM-40001,TG120255002S1W,3BM3-40001-01,LINE3,ignition-gf1-bm-tag2-prod,tag2-,,3BM3-40001-01,48:47.5,1093905-01-H,52:49.0
543,3BM-40001,TG120255002P83,3BM1-40001-01,LINE1,ignition-gf1-bm-tag2-prod,tag2-,,3BM1-40001-01,49:15.7,1091594-01-H,33:54.0
544,3BM-40001,TG120255002S4C,3BM3-40001-01,LINE3,ignition-gf1-bm-tag2-prod,tag2-,,3BM3-40001-01,50:05.6,1093905-01-H,53:44.0
545,3BM-40001,TG120255002STF,3BM2-40001-01,LINE2,ignition-gf1-bm-tag2-prod,tag2-,,3BM2-40001-01,50:19.3,1093905-01-H,04:07.0
546,3BM-40001,TG120253001ZG8,3BM3-40001-01,LINE3,ignition-gf1-bm-tag2-prod,tag2-,,3BM3-40001-01,51:23.8,1093906-01-H,49:07.0
547,3BM-40001,TG120255002P8K,3BM1-40001-01,LINE1,ignition-gf1-bm-tag2-prod,tag2-,,3BM1-40001-01,51:29.1,1091594-01-H,33:59.0
548,3BM-40001,TG120255002STM,3BM2-40001-01,LINE2,ignition-gf1-bm-tag2-prod,tag2-,,3BM2-40001-01,51:36.7,1093905-01-H,04:13.0
549,3BM-40001,TG120255002PAF,3BM1-40001-01,LINE1,ignition-gf1-bm-tag2-prod,tag2-,,3BM1-40001-01,52:37.5,1091594-01-H,34:48.0
550,3BM-40001,TG120255002S20,3BM3-40001-01,LINE3,ignition-gf1-bm-tag2-prod,tag2-,,3BM3-40001-01,52:48.9,1093905-01-H,52:49.0
551,3BM-40001,TG120255002FTJ,jenyoung,,jenyoung,,,jenyoung,53:12.5,1091594-01-H,47:00.0
552,3BM-40001,TG120255002TDN,3BM2-40001-01,LINE2,ignition-gf1-bm-tag2-prod,tag2-,,3BM2-40001-01,53:37.4,1093905-01-H,14:31.0
553,3BM-40001,TG120255002PAG,3BM1-40001-01,LINE1,ignition-gf1-bm-tag2-prod,tag2-,,3BM1-40001-01,53:45.3,1091594-01-H,34:48.0
554,3BM-40001,TG120255002S4F,3BM3-40001-01,LINE3,ignition-gf1-bm-tag2-prod,tag2-,,3BM3-40001-01,53:58.5,1093905-01-H,53:49.0
555,3BM-40001,TG120255002TDM,3BM2-40001-01,LINE2,ignition-gf1-bm-tag2-prod,tag2-,,3BM2-40001-01,55:14.0,1093905-01-H,14:30.0
556,3BM-40001,TG120255002S4G,3BM3-40001-01,LINE3,ignition-gf1-bm-tag2-prod,tag2-,,3BM3-40001-01,55:25.2,1093905-01-H,53:49.0
557,3BM-40001,TG120255002PAH,3BM1-40001-01,LINE1,ignition-gf1-bm-tag2-prod,tag2-,,3BM1-40001-01,56:07.6,1091594-01-H,34:48.0
558,3BM-40001,TG120255002S1Y,3BM3-40001-01,LINE3,ignition-gf1-bm-tag2-prod,tag2-,,3BM3-40001-01,56:37.2,1093905-01-H,52:49.0
559,3BM-40001,TG120255002TJZ,3BM2-40001-01,LINE2,ignition-gf1-bm-tag2-prod,tag2-,,3BM2-40001-01,56:57.0,1093905-01-H,17:30.0
560,3BM-40001,TG120255002PAJ,3BM1-40001-01,LINE1,ignition-gf1-bm-tag2-prod,tag2-,,3BM1-40001-01,57:20.0,1091594-01-H,34:49.0
561,3BM-40001,TG120255002S4Z,3BM3-40001-01,LINE3,ignition-gf1-bm-tag2-prod,tag2-,,3BM3-40001-01,58:06.4,1093905-01-H,54:12.0
562,3BM-40001,TG120255002P8G,3BM1-40001-01,LINE1,ignition-gf1-bm-tag2-prod,tag2-,,3BM1-40001-01,58:35.7,1091594-01-H,33:58.0
563,3BM-40001,TG120255002TDR,3BM2-40001-01,LINE2,ignition-gf1-bm-tag2-prod,tag2-,,3BM2-40001-01,59:26.1,1093905-01-H,14:31.0
564,3BM-40001,TG120255002T0B,3BM3-40001-01,LINE3,ignition-gf1-bm-tag2-prod,tag2-,,3BM3-40001-01,59:30.7,1093905-01-H,06:59.0
565,3BM-40001,TG120255002LL9,memunoz,,memunoz,,,memunoz,59:49.6,1093906-01-H,56:09.0
566,3BM-40001,TG120255002TJY,3BM2-40001-01,LINE2,ignition-gf1-bm-tag2-prod,tag2-,,3BM2-40001-01,00:43.6,1093905-01-H,17:29.0
567,3BM-40001,TG120255002S50,3BM3-40001-01,LINE3,ignition-gf1-bm-tag2-prod,tag2-,,3BM3-40001-01,00:49.5,1093905-01-H,54:12.0
568,3BM-40001,TG120255002TDP,3BM2-40001-01,LINE2,ignition-gf1-bm-tag2-prod,tag2-,,3BM2-40001-01,02:14.2,1093905-01-H,14:31.0
569,3BM-40001,TG120255002PAS,3BM1-40001-01,LINE1,ignition-gf1-bm-tag2-prod,tag2-,,3BM1-40001-01,02:25.2,1091594-01-H,34:49.0
570,3BM-40001,TG120255002T0A,3BM3-40001-01,LINE3,ignition-gf1-bm-tag2-prod,tag2-,,3BM3-40001-01,03:09.8,1093905-01-H,06:59.0
571,3BM-40001,TG120255002ST8,3BM2-40001-01,LINE2,ignition-gf1-bm-tag2-prod,tag2-,,3BM2-40001-01,03:32.7,1093905-01-H,04:06.0
572,3BM-40001,TG120255002T0C,3BM3-40001-01,LINE3,ignition-gf1-bm-tag2-prod,tag2-,,3BM3-40001-01,04:05.0,1093905-01-H,07:00.0
573,3BM-40001,TG120255002TK2,3BM2-40001-01,LINE2,ignition-gf1-bm-tag2-prod,tag2-,,3BM2-40001-01,05:02.0,1093905-01-H,17:31.0
574,3BM-40001,TG120255002KCM,mgilger,,ignition-gf1-bm-tag2-prod,tag2-,,mgilger,05:32.8,1091594-01-H,38:32.0
575,3BM-40001,TG120255002PAK,3BM1-40001-01,LINE1,ignition-gf1-bm-tag2-prod,tag2-,,3BM1-40001-01,05:36.0,1091594-01-H,34:49.0
576,3BM-40001,TG120255002TK3,3BM2-40001-01,LINE2,ignition-gf1-bm-tag2-prod,tag2-,,3BM2-40001-01,06:17.0,1093905-01-H,17:32.0
577,3BM-40001,TG120255002THB,3BM3-40001-01,LINE3,ignition-gf1-bm-tag2-prod,tag2-,,3BM3-40001-01,06:35.4,1093905-01-H,16:35.0
578,3BM-40001,TG120255002T0D,3BM3-40001-01,LINE3,ignition-gf1-bm-tag2-prod,tag2-,,3BM3-40001-01,09:13.5,1093905-01-H,07:00.0
579,3BM-40001,TG120255002VKT,3BM2-40001-01,LINE2,ignition-gf1-bm-tag2-prod,tag2-,,3BM2-40001-01,10:52.0,1093905-01-H,36:24.0
580,3BM-40001,TG120255002PAT,3BM1-40001-01,LINE1,ignition-gf1-bm-tag2-prod,tag2-,,3BM1-40001-01,10:52.5,1091594-01-H,34:49.0
581,3BM-40001,TG120255002TH9,3BM3-40001-01,LINE3,ignition-gf1-bm-tag2-prod,tag2-,,3BM3-40001-01,11:50.4,1093905-01-H,16:35.0
582,3BM-40001,TG120255002PAV,3BM1-40001-01,LINE1,ignition-gf1-bm-tag2-prod,tag2-,,3BM1-40001-01,12:07.5,1091594-01-H,34:50.0
583,3BM-40001,TG120255002VF2,3BM2-40001-01,LINE2,ignition-gf1-bm-tag2-prod,tag2-,,3BM2-40001-01,12:44.7,1093905-01-H,33:37.0
584,3BM-40001,TG120255002THA,3BM3-40001-01,LINE3,ignition-gf1-bm-tag2-prod,tag2-,,3BM3-40001-01,12:52.5,1093905-01-H,16:35.0
585,3BM-40001,TG120255002PAL,3BM1-40001-01,LINE1,ignition-gf1-bm-tag2-prod,tag2-,,3BM1-40001-01,13:09.1,1091594-01-H,34:49.0
586,3BM-40001,TG120255002VKV,3BM2-40001-01,LINE2,ignition-gf1-bm-tag2-prod,tag2-,,3BM2-40001-01,14:01.7,1093905-01-H,36:24.0
587,3BM-40001,TG120255002THD,3BM3-40001-01,LINE3,ignition-gf1-bm-tag2-prod,tag2-,,3BM3-40001-01,14:05.5,1093905-01-H,16:35.0
588,3BM-40001,TG120255002W8R,3BM2-40001-01,LINE2,ignition-gf1-bm-tag2-prod,tag2-,,3BM2-40001-01,15:04.1,1093905-01-H,39:25.0
589,3BM-40001,TG120255002THG,3BM3-40001-01,LINE3,ignition-gf1-bm-tag2-prod,tag2-,,3BM3-40001-01,15:19.1,1093905-01-H,16:36.0
590,3BM-40001,TG120255002KR9,3BM2-40001-01,LINE2,ignition-gf1-bm-tag2-prod,tag2-,,3BM2-40001-01,16:22.5,1093906-01-H,43:29.0
591,3BM-40001,TG120255002WJ1,3BM3-40001-01,LINE3,ignition-gf1-bm-tag2-prod,tag2-,,3BM3-40001-01,16:37.2,1093905-01-H,44:10.0
592,3BM-40001,TG120255002WMZ,3BM2-40001-01,LINE2,ignition-gf1-bm-tag2-prod,tag2-,,3BM2-40001-01,17:45.6,1093906-01-H,46:12.0
593,3BM-40001,TG120255002X1D,3BM2-40001-01,LINE2,ignition-gf1-bm-tag2-prod,tag2-,,3BM2-40001-01,19:04.9,1093906-01-H,52:28.0
594,3BM-40001,TG120255002V1L,3BM1-40001-01,LINE1,ignition-gf1-bm-tag2-prod,tag2-,,3BM1-40001-01,19:41.7,1091594-01-H,25:37.0
595,3BM-40001,TG120255002WN2,3BM2-40001-01,LINE2,ignition-gf1-bm-tag2-prod,tag2-,,3BM2-40001-01,20:32.5,1093906-01-H,46:13.0
596,3BM-40001,TG120255002PPF,3BM2-40001-01,LINE2,ignition-gf1-bm-tag2-prod,tag2-,,3BM2-40001-01,22:12.7,1093906-01-H,40:11.0
597,3BM-40001,TG120255002P87,3BM1-40001-01,LINE1,ignition-gf1-bm-tag2-prod,tag2-,,3BM1-40001-01,22:58.0,1091594-01-H,33:54.0
598,3BM-40001,TG120255002W9P,3BM1-40001-01,LINE1,ignition-gf1-bm-tag2-prod,tag2-,,3BM1-40001-01,24:06.2,1091594-01-H,40:02.0
599,3BM-40001,TG120255002X9P,3BM3-40001-01,LINE3,ignition-gf1-bm-tag2-prod,tag2-,,3BM3-40001-01,24:27.7,1093905-01-H,57:11.0
600,3BM-40001,TG120255002W9T,3BM1-40001-01,LINE1,ignition-gf1-bm-tag2-prod,tag2-,,3BM1-40001-01,25:08.9,1091594-01-H,40:02.0
601,3BM-40001,TG120255002X9S,3BM3-40001-01,LINE3,ignition-gf1-bm-tag2-prod,tag2-,,3BM3-40001-01,25:31.8,1093905-01-H,57:12.0
602,3BM-40001,TG120255002XD0,3BM2-40001-01,LINE2,ignition-gf1-bm-tag2-prod,tag2-,,3BM2-40001-01,25:53.6,1093906-01-H,58:51.0
603,3BM-40001,TG120255002W9V,3BM1-40001-01,LINE1,ignition-gf1-bm-tag2-prod,tag2-,,3BM1-40001-01,26:18.6,1091594-01-H,40:02.0
604,3BM-40001,TG120255002X9N,3BM3-40001-01,LINE3,ignition-gf1-bm-tag2-prod,tag2-,,3BM3-40001-01,26:54.9,1093905-01-H,57:11.0
605,3BM-40001,TG120255002W9R,3BM1-40001-01,LINE1,ignition-gf1-bm-tag2-prod,tag2-,,3BM1-40001-01,27:11.9,1091594-01-H,40:02.0
606,3BM-40001,TG120255002W9W,3BM1-40001-01,LINE1,ignition-gf1-bm-tag2-prod,tag2-,,3BM1-40001-01,28:20.4,1091594-01-H,40:02.0
607,3BM-40001,TG120255002WPM,3BM1-40001-01,LINE1,ignition-gf1-bm-tag2-prod,tag2-,,3BM1-40001-01,29:29.0,1091594-01-H,47:02.0
608,3BM-40001,TG120255002V1N,3BM1-40001-01,LINE1,ignition-gf1-bm-tag2-prod,tag2-,,3BM1-40001-01,30:33.4,1091594-01-H,25:38.0
609,3BM-40001,TG120255002W8P,3BM2-40001-01,LINE2,ignition-gf1-bm-tag2-prod,tag2-,,3BM2-40001-01,30:50.8,1093905-01-H,39:24.0
610,3BM-40001,TG120255002WPR,3BM1-40001-01,LINE1,ignition-gf1-bm-tag2-prod,tag2-,,3BM1-40001-01,35:20.8,1091594-01-H,47:03.0
611,3BM-40001,TG120255002WPS,3BM1-40001-01,LINE1,ignition-gf1-bm-tag2-prod,tag2-,,3BM1-40001-01,36:49.0,1091594-01-H,47:03.0
612,3BM-40001,TG120255002WMX,3BM2-40001-01,LINE2,ignition-gf1-bm-tag2-prod,tag2-,,3BM2-40001-01,37:02.7,1093906-01-H,46:12.0
613,3BM-40001,TG120255002X1P,3BM2-40001-01,LINE2,ignition-gf1-bm-tag2-prod,tag2-,,3BM2-40001-01,38:22.6,1093906-01-H,52:39.0
614,3BM-40001,TG120255002XAT,3BM2-40001-01,LINE2,ignition-gf1-bm-tag2-prod,tag2-,,3BM2-40001-01,39:34.9,1093906-01-H,57:36.0
615,3BM-40001,TG120255002WPV,3BM1-40001-01,LINE1,ignition-gf1-bm-tag2-prod,tag2-,,3BM1-40001-01,39:41.5,1091594-01-H,47:03.0
616,3BM-40001,TG120255002LL6,3BM2-40001-01,LINE2,ignition-gf1-bm-tag2-prod,tag2-,,3BM2-40001-01,40:52.3,1093906-01-H,56:09.0
617,3BM-40001,TG120255002WPW,3BM1-40001-01,LINE1,ignition-gf1-bm-tag2-prod,tag2-,,3BM1-40001-01,41:10.0,1091594-01-H,47:03.0
618,3BM-40001,TG120255002XDF,3BM3-40001-01,LINE3,ignition-gf1-bm-tag2-prod,tag2-,,3BM3-40001-01,41:21.6,1093905-01-H,59:03.0
619,3BM-40001,TG120255002XD1,3BM2-40001-01,LINE2,ignition-gf1-bm-tag2-prod,tag2-,,3BM2-40001-01,42:14.3,1093906-01-H,58:51.0
620,3BM-40001,TG120255002WPN,3BM1-40001-01,LINE1,ignition-gf1-bm-tag2-prod,tag2-,,3BM1-40001-01,42:34.3,1091594-01-H,47:02.0
